"","Country.Name","Year","GROWTH","EDU","INCOME","TRADE","GOV","VOC"
"1","Austria",1968,NA,NA,NA,NA,NA,NA
"2","Belgium",1968,NA,NA,NA,NA,NA,NA
"3","Bulgaria",1968,NA,NA,NA,NA,NA,NA
"4","Croatia",1968,NA,NA,NA,NA,NA,NA
"5","Cyprus",1968,NA,NA,NA,NA,NA,NA
"6","Czech Republic",1968,NA,NA,NA,NA,NA,NA
"7","Denmark",1968,NA,NA,NA,NA,NA,NA
"8","Estonia",1968,NA,NA,NA,NA,NA,NA
"9","Finland",1968,NA,NA,NA,NA,NA,NA
"10","France",1968,NA,NA,NA,NA,NA,NA
"11","Germany",1968,NA,NA,NA,NA,NA,NA
"12","Greece",1968,NA,NA,NA,NA,NA,NA
"13","Hungary",1968,NA,NA,NA,NA,NA,NA
"14","Italy",1968,NA,NA,NA,NA,NA,NA
"15","Latvia",1968,NA,NA,NA,NA,NA,NA
"16","Lithuania",1968,NA,NA,NA,NA,NA,NA
"17","Luxembourg",1968,NA,NA,NA,NA,NA,NA
"18","Malta",1968,NA,NA,NA,NA,NA,NA
"19","Netherlands",1968,NA,NA,NA,NA,NA,NA
"20","Poland",1968,NA,NA,NA,NA,NA,NA
"21","Portugal",1968,NA,NA,NA,NA,NA,NA
"22","Romania",1968,NA,NA,NA,NA,NA,NA
"23","Slovak Republic",1968,NA,NA,NA,NA,NA,NA
"24","Slovenia",1968,NA,NA,NA,NA,NA,NA
"25","Spain",1968,NA,NA,NA,NA,NA,NA
"26","Sweden",1968,NA,NA,NA,NA,NA,NA
"27","United Kingdom",1968,NA,NA,NA,NA,NA,NA
"28","Austria",1969,NA,NA,NA,NA,NA,NA
"29","Belgium",1969,NA,NA,NA,NA,NA,NA
"30","Bulgaria",1969,NA,NA,NA,NA,NA,NA
"31","Croatia",1969,NA,NA,NA,NA,NA,NA
"32","Cyprus",1969,NA,NA,NA,NA,NA,NA
"33","Czech Republic",1969,NA,NA,NA,NA,NA,NA
"34","Denmark",1969,NA,NA,NA,NA,NA,NA
"35","Estonia",1969,NA,NA,NA,NA,NA,NA
"36","Finland",1969,NA,NA,NA,NA,NA,NA
"37","France",1969,NA,NA,NA,NA,NA,NA
"38","Germany",1969,NA,NA,NA,NA,NA,NA
"39","Greece",1969,NA,NA,NA,NA,NA,NA
"40","Hungary",1969,NA,NA,NA,NA,NA,NA
"41","Italy",1969,NA,NA,NA,NA,NA,NA
"42","Latvia",1969,NA,NA,NA,NA,NA,NA
"43","Lithuania",1969,NA,NA,NA,NA,NA,NA
"44","Luxembourg",1969,NA,NA,NA,NA,NA,NA
"45","Malta",1969,NA,NA,NA,NA,NA,NA
"46","Netherlands",1969,NA,NA,NA,NA,NA,NA
"47","Poland",1969,NA,NA,NA,NA,NA,NA
"48","Portugal",1969,NA,NA,NA,NA,NA,NA
"49","Romania",1969,NA,NA,NA,NA,NA,NA
"50","Slovak Republic",1969,NA,NA,NA,NA,NA,NA
"51","Slovenia",1969,NA,NA,NA,NA,NA,NA
"52","Spain",1969,NA,NA,NA,NA,NA,NA
"53","Sweden",1969,NA,NA,NA,NA,NA,NA
"54","United Kingdom",1969,NA,NA,NA,NA,NA,NA
"55","Austria",1970,NA,NA,NA,NA,NA,NA
"56","Belgium",1970,NA,NA,NA,NA,NA,NA
"57","Bulgaria",1970,NA,NA,NA,NA,NA,NA
"58","Croatia",1970,NA,NA,NA,NA,NA,NA
"59","Cyprus",1970,NA,NA,NA,NA,NA,NA
"60","Czech Republic",1970,NA,NA,NA,NA,NA,NA
"61","Denmark",1970,NA,NA,NA,NA,NA,NA
"62","Estonia",1970,NA,NA,NA,NA,NA,NA
"63","Finland",1970,NA,NA,NA,NA,NA,NA
"64","France",1970,NA,NA,NA,NA,NA,NA
"65","Germany",1970,NA,NA,NA,NA,NA,NA
"66","Greece",1970,NA,NA,NA,NA,NA,NA
"67","Hungary",1970,NA,NA,NA,NA,NA,NA
"68","Italy",1970,NA,NA,NA,NA,NA,NA
"69","Latvia",1970,NA,NA,NA,NA,NA,NA
"70","Lithuania",1970,NA,NA,NA,NA,NA,NA
"71","Luxembourg",1970,NA,NA,NA,NA,NA,NA
"72","Malta",1970,NA,NA,NA,NA,NA,NA
"73","Netherlands",1970,NA,NA,NA,NA,NA,NA
"74","Poland",1970,NA,NA,NA,NA,NA,NA
"75","Portugal",1970,NA,NA,NA,NA,NA,NA
"76","Romania",1970,NA,NA,NA,NA,NA,NA
"77","Slovak Republic",1970,NA,NA,NA,NA,NA,NA
"78","Slovenia",1970,NA,NA,NA,NA,NA,NA
"79","Spain",1970,NA,NA,NA,NA,NA,NA
"80","Sweden",1970,NA,NA,NA,NA,NA,NA
"81","United Kingdom",1970,NA,NA,NA,NA,NA,NA
"82","Austria",1971,4.294260292,NA,NA,NA,NA,NA
"83","Belgium",1971,3.447330402,NA,NA,NA,NA,NA
"84","Bulgaria",1971,NA,NA,NA,NA,NA,NA
"85","Croatia",1971,NA,NA,NA,NA,NA,NA
"86","Cyprus",1971,NA,NA,NA,NA,NA,NA
"87","Czech Republic",1971,NA,NA,NA,NA,NA,NA
"88","Denmark",1971,1.809200159,NA,NA,NA,NA,NA
"89","Estonia",1971,NA,NA,NA,NA,NA,NA
"90","Finland",1971,0.618674477,NA,NA,NA,NA,NA
"91","France",1971,3.83752346,NA,NA,NA,NA,NA
"92","Germany",1971,2.665957107,NA,NA,NA,NA,NA
"93","Greece",1971,7.34483579,NA,NA,NA,NA,NA
"94","Hungary",1971,NA,NA,NA,NA,NA,NA
"95","Italy",1971,1.275813379,NA,NA,NA,NA,NA
"96","Latvia",1971,NA,NA,NA,NA,NA,NA
"97","Lithuania",1971,NA,NA,NA,NA,NA,NA
"98","Luxembourg",1971,-6.737520417,NA,NA,NA,NA,NA
"99","Malta",1971,NA,NA,NA,NA,NA,NA
"100","Netherlands",1971,2.45821053,NA,NA,NA,NA,NA
"101","Poland",1971,NA,NA,NA,NA,NA,NA
"102","Portugal",1971,7.037089144,NA,NA,NA,NA,NA
"103","Romania",1971,NA,NA,NA,NA,NA,NA
"104","Slovak Republic",1971,NA,NA,NA,NA,NA,NA
"105","Slovenia",1971,NA,NA,NA,NA,NA,NA
"106","Spain",1971,4.550832478,NA,NA,NA,NA,NA
"107","Sweden",1971,0.337232953,NA,NA,NA,NA,NA
"108","United Kingdom",1971,2.460208299,NA,NA,NA,NA,NA
"109","Austria",1972,5.946274233,NA,NA,NA,NA,NA
"110","Belgium",1972,5.713866378,NA,NA,NA,NA,NA
"111","Bulgaria",1972,NA,NA,NA,NA,NA,NA
"112","Croatia",1972,NA,NA,NA,NA,NA,NA
"113","Cyprus",1972,NA,NA,NA,NA,NA,NA
"114","Czech Republic",1972,NA,NA,NA,NA,NA,NA
"115","Denmark",1972,4.406140953,NA,NA,NA,NA,NA
"116","Estonia",1972,NA,NA,NA,NA,NA,NA
"117","Finland",1972,7.378526129,NA,NA,NA,NA,NA
"118","France",1972,3.661369736,NA,NA,NA,NA,NA
"119","Germany",1972,3.760479988,NA,NA,NA,NA,NA
"120","Greece",1972,8.530483241,NA,NA,NA,NA,NA
"121","Hungary",1972,NA,NA,NA,NA,NA,NA
"122","Italy",1972,3.565902496,NA,NA,NA,NA,NA
"123","Latvia",1972,NA,NA,NA,NA,NA,NA
"124","Lithuania",1972,NA,NA,NA,NA,NA,NA
"125","Luxembourg",1972,10.05272906,NA,NA,NA,NA,NA
"126","Malta",1972,NA,NA,NA,NA,NA,NA
"127","Netherlands",1972,4.092180659,NA,NA,NA,NA,NA
"128","Poland",1972,NA,NA,NA,NA,NA,NA
"129","Portugal",1972,9.238817516,NA,NA,NA,NA,NA
"130","Romania",1972,NA,NA,NA,NA,NA,NA
"131","Slovak Republic",1972,NA,NA,NA,NA,NA,NA
"132","Slovenia",1972,NA,NA,NA,NA,NA,NA
"133","Spain",1972,7.844492611,NA,NA,NA,NA,NA
"134","Sweden",1972,2.110247029,NA,NA,NA,NA,NA
"135","United Kingdom",1972,2.995977465,NA,NA,NA,NA,NA
"136","Austria",1973,5.263843576,NA,NA,NA,NA,NA
"137","Belgium",1973,6.930322902,NA,NA,NA,NA,NA
"138","Bulgaria",1973,NA,NA,NA,NA,NA,NA
"139","Croatia",1973,NA,NA,NA,NA,NA,NA
"140","Cyprus",1973,NA,NA,NA,NA,NA,NA
"141","Czech Republic",1973,NA,NA,NA,NA,NA,NA
"142","Denmark",1973,5.680972813,NA,NA,NA,NA,NA
"143","Estonia",1973,NA,NA,NA,NA,NA,NA
"144","Finland",1973,6.065466841,NA,NA,NA,NA,NA
"145","France",1973,5.275106891,NA,NA,NA,NA,NA
"146","Germany",1973,4.407544751,NA,NA,NA,NA,NA
"147","Greece",1973,7.196064049,NA,NA,NA,NA,NA
"148","Hungary",1973,NA,NA,NA,NA,NA,NA
"149","Italy",1973,3.518561864,NA,NA,NA,NA,NA
"150","Latvia",1973,NA,NA,NA,NA,NA,NA
"151","Lithuania",1973,NA,NA,NA,NA,NA,NA
"152","Luxembourg",1973,10.4651074,NA,NA,NA,NA,NA
"153","Malta",1973,NA,NA,NA,NA,NA,NA
"154","Netherlands",1973,6.497235047,NA,NA,NA,NA,NA
"155","Poland",1973,NA,NA,NA,NA,NA,NA
"156","Portugal",1973,13.02900929,NA,NA,NA,NA,NA
"157","Romania",1973,NA,NA,NA,NA,NA,NA
"158","Slovak Republic",1973,NA,NA,NA,NA,NA,NA
"159","Slovenia",1973,NA,NA,NA,NA,NA,NA
"160","Spain",1973,6.660767806,NA,NA,NA,NA,NA
"161","Sweden",1973,4.009721669,NA,NA,NA,NA,NA
"162","United Kingdom",1973,3.882216782,NA,NA,NA,NA,NA
"163","Austria",1974,2.307523136,NA,NA,NA,NA,NA
"164","Belgium",1974,2.692727991,NA,NA,NA,NA,NA
"165","Bulgaria",1974,NA,NA,NA,NA,NA,NA
"166","Croatia",1974,NA,NA,NA,NA,NA,NA
"167","Cyprus",1974,NA,NA,NA,NA,NA,NA
"168","Czech Republic",1974,NA,NA,NA,NA,NA,NA
"169","Denmark",1974,-5.799006302,NA,NA,NA,NA,NA
"170","Estonia",1974,NA,NA,NA,NA,NA,NA
"171","Finland",1974,0.381834515,NA,NA,NA,NA,NA
"172","France",1974,0.165445902,NA,NA,NA,NA,NA
"173","Germany",1974,-0.793731634,NA,NA,NA,NA,NA
"174","Greece",1974,-6.835015145,NA,NA,NA,NA,NA
"175","Hungary",1974,NA,NA,NA,NA,NA,NA
"176","Italy",1974,0.813601191,NA,NA,NA,NA,NA
"177","Latvia",1974,NA,NA,NA,NA,NA,NA
"178","Lithuania",1974,NA,NA,NA,NA,NA,NA
"179","Luxembourg",1974,15.76165608,NA,NA,NA,NA,NA
"180","Malta",1974,NA,NA,NA,NA,NA,NA
"181","Netherlands",1974,-2.598870257,NA,NA,NA,NA,NA
"182","Poland",1974,NA,NA,NA,NA,NA,NA
"183","Portugal",1974,-2.008893994,NA,NA,NA,NA,NA
"184","Romania",1974,NA,NA,NA,NA,NA,NA
"185","Slovak Republic",1974,NA,NA,NA,NA,NA,NA
"186","Slovenia",1974,NA,NA,NA,NA,NA,NA
"187","Spain",1974,1.277051544,NA,NA,NA,NA,NA
"188","Sweden",1974,-0.068559047,NA,NA,NA,NA,NA
"189","United Kingdom",1974,-6.31829957,NA,NA,NA,NA,NA
"190","Austria",1975,-0.173354488,NA,NA,NA,NA,NA
"191","Belgium",1975,-2.742522425,NA,NA,NA,NA,NA
"192","Bulgaria",1975,NA,NA,NA,NA,NA,NA
"193","Croatia",1975,NA,NA,NA,NA,NA,NA
"194","Cyprus",1975,NA,NA,NA,NA,NA,NA
"195","Czech Republic",1975,NA,NA,NA,NA,NA,NA
"196","Denmark",1975,0.041977919,NA,NA,NA,NA,NA
"197","Estonia",1975,NA,NA,NA,NA,NA,NA
"198","Finland",1975,0.214676669,NA,NA,NA,NA,NA
"199","France",1975,-0.768991885,NA,NA,NA,NA,NA
"200","Germany",1975,-1.214791769,NA,NA,NA,NA,NA
"201","Greece",1975,3.939222134,NA,NA,NA,NA,NA
"202","Hungary",1975,NA,NA,NA,NA,NA,NA
"203","Italy",1975,-2.506307873,NA,NA,NA,NA,NA
"204","Latvia",1975,NA,NA,NA,NA,NA,NA
"205","Lithuania",1975,NA,NA,NA,NA,NA,NA
"206","Luxembourg",1975,-13.0665655,NA,NA,NA,NA,NA
"207","Malta",1975,NA,NA,NA,NA,NA,NA
"208","Netherlands",1975,-0.492018723,NA,NA,NA,NA,NA
"209","Poland",1975,NA,NA,NA,NA,NA,NA
"210","Portugal",1975,-9.882992744,NA,NA,NA,NA,NA
"211","Romania",1975,NA,NA,NA,NA,NA,NA
"212","Slovak Republic",1975,NA,NA,NA,NA,NA,NA
"213","Slovenia",1975,NA,NA,NA,NA,NA,NA
"214","Spain",1975,-0.543140024,NA,NA,NA,NA,NA
"215","Sweden",1975,3.830474054,NA,NA,NA,NA,NA
"216","United Kingdom",1975,1.170132076,NA,NA,NA,NA,NA
"217","Austria",1976,4.696645911,NA,NA,NA,NA,NA
"218","Belgium",1976,6.062180168,NA,NA,NA,NA,NA
"219","Bulgaria",1976,NA,NA,NA,NA,NA,NA
"220","Croatia",1976,NA,NA,NA,NA,NA,NA
"221","Cyprus",1976,22.07819626,NA,NA,NA,NA,NA
"222","Czech Republic",1976,NA,NA,NA,NA,NA,NA
"223","Denmark",1976,5.63752509,NA,NA,NA,NA,NA
"224","Estonia",1976,NA,NA,NA,NA,NA,NA
"225","Finland",1976,1.282136667,NA,NA,NA,NA,NA
"226","France",1976,2.872728619,NA,NA,NA,NA,NA
"227","Germany",1976,5.324761124,NA,NA,NA,NA,NA
"228","Greece",1976,5.320331292,NA,NA,NA,NA,NA
"229","Hungary",1976,NA,NA,NA,NA,NA,NA
"230","Italy",1976,5.953058186,NA,NA,NA,NA,NA
"231","Latvia",1976,NA,NA,NA,NA,NA,NA
"232","Lithuania",1976,NA,NA,NA,NA,NA,NA
"233","Luxembourg",1976,10.66096438,NA,NA,NA,NA,NA
"234","Malta",1976,NA,NA,NA,NA,NA,NA
"235","Netherlands",1976,4.352746967,NA,NA,NA,NA,NA
"236","Poland",1976,NA,NA,NA,NA,NA,NA
"237","Portugal",1976,4.41024682,NA,NA,NA,NA,NA
"238","Romania",1976,NA,NA,NA,NA,NA,NA
"239","Slovak Republic",1976,NA,NA,NA,NA,NA,NA
"240","Slovenia",1976,NA,NA,NA,NA,NA,NA
"241","Spain",1976,1.278934911,NA,NA,NA,NA,NA
"242","Sweden",1976,0.025652147,NA,NA,NA,NA,NA
"243","United Kingdom",1976,2.271511207,NA,NA,NA,NA,NA
"244","Austria",1977,3.896791241,NA,NA,NA,NA,NA
"245","Belgium",1977,-0.442184535,NA,NA,NA,NA,NA
"246","Bulgaria",1977,NA,NA,NA,NA,NA,NA
"247","Croatia",1977,NA,NA,NA,NA,NA,NA
"248","Cyprus",1977,15.3815032,NA,NA,NA,NA,NA
"249","Czech Republic",1977,NA,NA,NA,NA,NA,NA
"250","Denmark",1977,2.321916477,NA,NA,NA,NA,NA
"251","Estonia",1977,NA,NA,NA,NA,NA,NA
"252","Finland",1977,-0.557549668,NA,NA,NA,NA,NA
"253","France",1977,2.725973223,NA,NA,NA,NA,NA
"254","Germany",1977,3.475702779,NA,NA,NA,NA,NA
"255","Greece",1977,1.662326894,NA,NA,NA,NA,NA
"256","Hungary",1977,NA,NA,NA,NA,NA,NA
"257","Italy",1977,3.000566448,NA,NA,NA,NA,NA
"258","Latvia",1977,NA,NA,NA,NA,NA,NA
"259","Lithuania",1977,NA,NA,NA,NA,NA,NA
"260","Luxembourg",1977,-1.25603452,NA,NA,NA,NA,NA
"261","Malta",1977,NA,NA,NA,NA,NA,NA
"262","Netherlands",1977,1.325150357,NA,NA,NA,NA,NA
"263","Poland",1977,NA,NA,NA,NA,NA,NA
"264","Portugal",1977,3.703508726,NA,NA,NA,NA,NA
"265","Romania",1977,NA,NA,NA,NA,NA,NA
"266","Slovak Republic",1977,NA,NA,NA,NA,NA,NA
"267","Slovenia",1977,NA,NA,NA,NA,NA,NA
"268","Spain",1977,2.892283295,NA,NA,NA,NA,NA
"269","Sweden",1977,-4.042693141,NA,NA,NA,NA,NA
"270","United Kingdom",1977,1.35758683,NA,NA,NA,NA,NA
"271","Austria",1978,0.39011149,NA,NA,NA,NA,NA
"272","Belgium",1978,3.167835439,NA,NA,NA,NA,NA
"273","Bulgaria",1978,NA,NA,NA,NA,NA,NA
"274","Croatia",1978,NA,NA,NA,NA,NA,NA
"275","Cyprus",1978,5.922056351,NA,NA,NA,NA,NA
"276","Czech Republic",1978,NA,NA,NA,NA,NA,NA
"277","Denmark",1978,3.601961184,NA,NA,NA,NA,NA
"278","Estonia",1978,NA,NA,NA,NA,NA,NA
"279","Finland",1978,2.373739915,NA,NA,NA,NA,NA
"280","France",1978,5.250163397,NA,NA,NA,NA,NA
"281","Germany",1978,4.158656495,NA,NA,NA,NA,NA
"282","Greece",1978,5.270676435,NA,NA,NA,NA,NA
"283","Hungary",1978,NA,NA,NA,NA,NA,NA
"284","Italy",1978,3.976343789,NA,NA,NA,NA,NA
"285","Latvia",1978,NA,NA,NA,NA,NA,NA
"286","Lithuania",1978,NA,NA,NA,NA,NA,NA
"287","Luxembourg",1978,4.918743978,NA,NA,NA,NA,NA
"288","Malta",1978,NA,NA,NA,NA,NA,NA
"289","Netherlands",1978,0.9867564,NA,NA,NA,NA,NA
"290","Poland",1978,NA,NA,NA,NA,NA,NA
"291","Portugal",1978,0.204423879,NA,NA,NA,NA,NA
"292","Romania",1978,NA,NA,NA,NA,NA,NA
"293","Slovak Republic",1978,NA,NA,NA,NA,NA,NA
"294","Slovenia",1978,NA,NA,NA,NA,NA,NA
"295","Spain",1978,2.418690077,NA,NA,NA,NA,NA
"296","Sweden",1978,1.391720616,NA,NA,NA,NA,NA
"297","United Kingdom",1978,4.841291884,NA,NA,NA,NA,NA
"298","Austria",1979,5.510879647,NA,NA,NA,NA,NA
"299","Belgium",1979,0.783025813,NA,NA,NA,NA,NA
"300","Bulgaria",1979,NA,NA,NA,NA,NA,NA
"301","Croatia",1979,NA,NA,NA,NA,NA,NA
"302","Cyprus",1979,9.284945386,NA,NA,NA,NA,NA
"303","Czech Republic",1979,NA,NA,NA,NA,NA,NA
"304","Denmark",1979,1.491992468,NA,NA,NA,NA,NA
"305","Estonia",1979,NA,NA,NA,NA,NA,NA
"306","Finland",1979,7.469144493,NA,NA,NA,NA,NA
"307","France",1979,2.676180687,NA,NA,NA,NA,NA
"308","Germany",1979,2.517769914,NA,NA,NA,NA,NA
"309","Greece",1979,1.892225513,NA,NA,NA,NA,NA
"310","Hungary",1979,NA,NA,NA,NA,NA,NA
"311","Italy",1979,5.949406766,NA,NA,NA,NA,NA
"312","Latvia",1979,NA,NA,NA,NA,NA,NA
"313","Lithuania",1979,NA,NA,NA,NA,NA,NA
"314","Luxembourg",1979,1.285236874,NA,NA,NA,NA,NA
"315","Malta",1979,NA,NA,NA,NA,NA,NA
"316","Netherlands",1979,-0.239785379,NA,NA,NA,NA,NA
"317","Poland",1979,NA,NA,NA,NA,NA,NA
"318","Portugal",1979,4.436834168,NA,NA,NA,NA,NA
"319","Romania",1979,NA,NA,NA,NA,NA,NA
"320","Slovak Republic",1979,NA,NA,NA,NA,NA,NA
"321","Slovenia",1979,NA,NA,NA,NA,NA,NA
"322","Spain",1979,-1.370694348,NA,NA,NA,NA,NA
"323","Sweden",1979,2.11986293,NA,NA,NA,NA,NA
"324","United Kingdom",1979,0.858535516,NA,NA,NA,NA,NA
"325","Austria",1980,-0.138076816,NA,NA,NA,NA,NA
"326","Belgium",1980,0.50752081,NA,NA,NA,NA,NA
"327","Bulgaria",1980,NA,NA,NA,NA,NA,NA
"328","Croatia",1980,NA,NA,NA,NA,NA,NA
"329","Cyprus",1980,3.4688422,NA,NA,NA,NA,NA
"330","Czech Republic",1980,NA,NA,NA,NA,NA,NA
"331","Denmark",1980,-3.485436001,NA,NA,NA,NA,NA
"332","Estonia",1980,NA,NA,NA,NA,NA,NA
"333","Finland",1980,2.25920507,NA,NA,NA,NA,NA
"334","France",1980,-0.734612329,NA,NA,NA,NA,NA
"335","Germany",1980,-0.727065493,NA,NA,NA,NA,NA
"336","Greece",1980,-1.397389883,NA,NA,NA,NA,NA
"337","Hungary",1980,NA,NA,NA,NA,NA,NA
"338","Italy",1980,0.12534537,NA,NA,NA,NA,NA
"339","Latvia",1980,NA,NA,NA,NA,NA,NA
"340","Lithuania",1980,NA,NA,NA,NA,NA,NA
"341","Luxembourg",1980,2.256557201,NA,NA,NA,NA,NA
"342","Malta",1980,NA,NA,NA,NA,NA,NA
"343","Netherlands",1980,-1.417886979,NA,NA,NA,NA,NA
"344","Poland",1980,NA,NA,NA,NA,NA,NA
"345","Portugal",1980,1.120715531,NA,NA,NA,NA,NA
"346","Romania",1980,NA,NA,NA,NA,NA,NA
"347","Slovak Republic",1980,NA,NA,NA,NA,NA,NA
"348","Slovenia",1980,NA,NA,NA,NA,NA,NA
"349","Spain",1980,-2.052749046,NA,NA,NA,NA,NA
"350","Sweden",1980,1.126580089,9.855810165,NA,NA,NA,NA
"351","United Kingdom",1980,-2.71487419,NA,NA,NA,NA,NA
"352","Austria",1981,-1.34276128,NA,NA,NA,NA,NA
"353","Belgium",1981,-3.222636317,10.27050972,NA,NA,NA,NA
"354","Bulgaria",1981,4.266959491,NA,NA,NA,NA,NA
"355","Croatia",1981,NA,NA,NA,NA,NA,NA
"356","Cyprus",1981,-0.86667373,NA,NA,NA,NA,NA
"357","Czech Republic",1981,NA,NA,NA,NA,NA,NA
"358","Denmark",1981,-2.921477966,NA,NA,NA,NA,NA
"359","Estonia",1981,NA,NA,NA,NA,NA,NA
"360","Finland",1981,0.288302666,12.45374012,NA,NA,NA,NA
"361","France",1981,-0.625732335,11.54650974,NA,NA,NA,NA
"362","Germany",1981,-1.430314697,NA,NA,NA,NA,NA
"363","Greece",1981,-2.063027077,8.381790161,NA,NA,NA,NA
"364","Hungary",1981,NA,NA,NA,NA,NA,NA
"365","Italy",1981,-1.471527775,NA,NA,NA,NA,NA
"366","Latvia",1981,NA,NA,NA,NA,NA,NA
"367","Lithuania",1981,NA,NA,NA,NA,NA,NA
"368","Luxembourg",1981,3.523053796,NA,NA,NA,NA,NA
"369","Malta",1981,NA,NA,NA,NA,NA,NA
"370","Netherlands",1981,-0.190845534,11.86935997,NA,NA,NA,NA
"371","Poland",1981,NA,NA,NA,NA,NA,NA
"372","Portugal",1981,-2.76035989,NA,NA,NA,NA,NA
"373","Romania",1981,NA,NA,NA,NA,NA,NA
"374","Slovak Republic",1981,NA,NA,NA,NA,NA,NA
"375","Slovenia",1981,NA,NA,NA,NA,NA,NA
"376","Spain",1981,-3.808952314,NA,NA,NA,NA,NA
"377","Sweden",1981,-0.829476177,10.19137955,NA,NA,NA,NA
"378","United Kingdom",1981,-1.966921843,12.64420986,NA,NA,NA,NA
"379","Austria",1982,2.798258619,NA,NA,NA,NA,NA
"380","Belgium",1982,0.277447717,9.248330116,NA,NA,NA,NA
"381","Bulgaria",1982,2.568287757,NA,NA,NA,NA,NA
"382","Croatia",1982,NA,NA,NA,NA,NA,NA
"383","Cyprus",1982,7.142100486,NA,NA,NA,NA,NA
"384","Czech Republic",1982,NA,NA,NA,NA,NA,NA
"385","Denmark",1982,2.742811041,NA,NA,NA,NA,NA
"386","Estonia",1982,NA,NA,NA,NA,NA,NA
"387","Finland",1982,2.421187926,12.05609989,NA,NA,NA,NA
"388","France",1982,1.087204486,11.4282198,NA,NA,NA,NA
"389","Germany",1982,-0.366310886,NA,NA,NA,NA,NA
"390","Greece",1982,-2.625657449,7.661369801,NA,NA,NA,NA
"391","Hungary",1982,NA,NA,NA,NA,NA,NA
"392","Italy",1982,0.811953501,NA,NA,NA,NA,NA
"393","Latvia",1982,NA,NA,NA,NA,NA,NA
"394","Lithuania",1982,NA,NA,NA,NA,NA,NA
"395","Luxembourg",1982,15.07643371,NA,NA,NA,NA,NA
"396","Malta",1982,NA,NA,NA,NA,NA,NA
"397","Netherlands",1982,-1.310986298,11.24707985,NA,NA,NA,NA
"398","Poland",1982,NA,NA,NA,NA,NA,NA
"399","Portugal",1982,-0.80219105,NA,NA,NA,NA,NA
"400","Romania",1982,NA,NA,NA,NA,NA,NA
"401","Slovak Republic",1982,NA,NA,NA,NA,NA,NA
"402","Slovenia",1982,NA,NA,NA,NA,NA,NA
"403","Spain",1982,0.226283946,NA,NA,NA,NA,NA
"404","Sweden",1982,0.136541442,NA,NA,NA,NA,NA
"405","United Kingdom",1982,2.032269893,11.60221958,NA,NA,NA,NA
"406","Austria",1983,3.342026834,NA,NA,NA,NA,NA
"407","Belgium",1983,0.79075759,NA,NA,NA,NA,NA
"408","Bulgaria",1983,1.254625564,NA,NA,NA,NA,NA
"409","Croatia",1983,NA,NA,NA,NA,NA,NA
"410","Cyprus",1983,1.479391388,NA,NA,NA,NA,NA
"411","Czech Republic",1983,NA,NA,NA,NA,NA,NA
"412","Denmark",1983,3.555717306,NA,NA,NA,NA,NA
"413","Estonia",1983,NA,NA,NA,NA,NA,NA
"414","Finland",1983,1.779429062,11.65970993,NA,NA,NA,NA
"415","France",1983,1.093835115,10.76025009,NA,NA,NA,NA
"416","Germany",1983,2.319074113,NA,NA,NA,NA,NA
"417","Greece",1983,-2.711913382,7.118340015,NA,NA,NA,NA
"418","Hungary",1983,NA,NA,NA,NA,NA,NA
"419","Italy",1983,2.13551759,NA,NA,NA,NA,NA
"420","Latvia",1983,NA,NA,NA,NA,NA,NA
"421","Lithuania",1983,NA,NA,NA,NA,NA,NA
"422","Luxembourg",1983,4.29359783,NA,NA,NA,NA,NA
"423","Malta",1983,NA,NA,NA,NA,NA,NA
"424","Netherlands",1983,0.909606294,10.40229034,NA,NA,NA,NA
"425","Poland",1983,NA,NA,NA,NA,NA,NA
"426","Portugal",1983,1.51627705,NA,NA,NA,NA,NA
"427","Romania",1983,NA,NA,NA,NA,NA,NA
"428","Slovak Republic",1983,NA,NA,NA,NA,NA,NA
"429","Slovenia",1983,NA,NA,NA,NA,NA,NA
"430","Spain",1983,0.129030211,NA,NA,NA,NA,NA
"431","Sweden",1983,1.212872301,NA,NA,NA,NA,NA
"432","United Kingdom",1983,4.46601694,11.40756035,NA,NA,NA,NA
"433","Austria",1984,0.189527505,NA,NA,NA,NA,NA
"434","Belgium",1984,3.421418335,NA,NA,NA,NA,NA
"435","Bulgaria",1984,6.730999074,NA,NA,NA,NA,NA
"436","Croatia",1984,NA,NA,NA,NA,NA,NA
"437","Cyprus",1984,10.01905076,NA,NA,NA,NA,NA
"438","Czech Republic",1984,NA,NA,NA,NA,NA,NA
"439","Denmark",1984,3.952977162,NA,NA,NA,NA,NA
"440","Estonia",1984,NA,NA,NA,NA,NA,NA
"441","Finland",1984,4.360615056,10.90627003,NA,NA,NA,NA
"442","France",1984,0.719511967,10.46681023,NA,NA,NA,NA
"443","Germany",1984,3.233397671,NA,NA,NA,NA,NA
"444","Greece",1984,0.150080895,7.548520088,NA,NA,NA,NA
"445","Hungary",1984,NA,NA,NA,NA,NA,NA
"446","Italy",1984,3.010308652,NA,NA,NA,NA,NA
"447","Latvia",1984,NA,NA,NA,NA,NA,NA
"448","Lithuania",1984,NA,NA,NA,NA,NA,NA
"449","Luxembourg",1984,2.635415674,NA,NA,NA,NA,NA
"450","Malta",1984,NA,NA,NA,NA,NA,NA
"451","Netherlands",1984,4.0085489,9.767700195,NA,NA,NA,NA
"452","Poland",1984,NA,NA,NA,NA,NA,NA
"453","Portugal",1984,-2.323911383,NA,NA,NA,NA,NA
"454","Romania",1984,NA,NA,NA,NA,NA,NA
"455","Slovak Republic",1984,NA,NA,NA,NA,NA,NA
"456","Slovenia",1984,NA,NA,NA,NA,NA,NA
"457","Spain",1984,2.773582316,NA,NA,NA,NA,NA
"458","Sweden",1984,5.730076264,NA,NA,NA,NA,NA
"459","United Kingdom",1984,1.500259667,11.20600986,NA,NA,NA,NA
"460","Austria",1985,2.751066619,NA,NA,NA,NA,NA
"461","Belgium",1985,2.638070737,NA,NA,NA,NA,NA
"462","Bulgaria",1985,-2.05106841,NA,NA,NA,NA,NA
"463","Croatia",1985,NA,NA,NA,NA,NA,NA
"464","Cyprus",1985,2.837780177,NA,NA,NA,NA,NA
"465","Czech Republic",1985,NA,NA,NA,NA,NA,NA
"466","Denmark",1985,3.66781681,NA,NA,NA,NA,NA
"467","Estonia",1985,NA,NA,NA,NA,NA,NA
"468","Finland",1985,2.461700344,11.56015015,NA,NA,NA,NA
"469","France",1985,1.566121599,10.10204029,NA,NA,NA,NA
"470","Germany",1985,2.860250072,NA,NA,NA,NA,NA
"471","Greece",1985,1.167022543,NA,NA,NA,NA,NA
"472","Hungary",1985,NA,NA,NA,NA,NA,NA
"473","Italy",1985,2.608170015,NA,NA,NA,NA,NA
"474","Latvia",1985,NA,NA,NA,NA,NA,NA
"475","Lithuania",1985,NA,NA,NA,NA,NA,NA
"476","Luxembourg",1985,4.843261094,NA,NA,NA,NA,NA
"477","Malta",1985,NA,NA,NA,NA,NA,NA
"478","Netherlands",1985,-0.782371879,10.56039047,NA,NA,NA,NA
"479","Poland",1985,NA,NA,NA,NA,NA,NA
"480","Portugal",1985,5.707890474,NA,NA,NA,NA,NA
"481","Romania",1985,NA,NA,NA,NA,NA,NA
"482","Slovak Republic",1985,NA,NA,NA,NA,NA,NA
"483","Slovenia",1985,NA,NA,NA,NA,NA,NA
"484","Spain",1985,3.490672712,NA,NA,NA,NA,NA
"485","Sweden",1985,1.563249331,NA,NA,NA,NA,NA
"486","United Kingdom",1985,3.559474549,10.4594202,NA,NA,NA,NA
"487","Austria",1986,2.280921294,NA,NA,NA,NA,NA
"488","Belgium",1986,4.449214318,8.605830193,NA,NA,NA,NA
"489","Bulgaria",1986,5.434898081,NA,NA,NA,NA,NA
"490","Croatia",1986,NA,NA,NA,NA,NA,NA
"491","Cyprus",1986,3.193582601,NA,NA,NA,NA,NA
"492","Czech Republic",1986,NA,NA,NA,NA,NA,NA
"493","Denmark",1986,6.79043863,11.41569996,NA,NA,NA,NA
"494","Estonia",1986,NA,NA,NA,NA,NA,NA
"495","Finland",1986,3.583604466,11.10585022,NA,NA,NA,NA
"496","France",1986,4.077983493,9.717619896,NA,NA,NA,NA
"497","Germany",1986,4.401967576,NA,NA,NA,NA,NA
"498","Greece",1986,-0.150480853,6.488709927,NA,NA,NA,NA
"499","Hungary",1986,NA,NA,NA,NA,NA,NA
"500","Italy",1986,5.214499986,NA,NA,NA,NA,NA
"501","Latvia",1986,NA,NA,NA,NA,NA,NA
"502","Lithuania",1986,NA,NA,NA,NA,NA,NA
"503","Luxembourg",1986,6.415463625,NA,NA,NA,NA,NA
"504","Malta",1986,NA,NA,NA,NA,NA,NA
"505","Netherlands",1986,2.577835296,10.8004303,NA,NA,NA,NA
"506","Poland",1986,NA,NA,NA,NA,NA,NA
"507","Portugal",1986,9.079590021,NA,NA,NA,NA,NA
"508","Romania",1986,NA,NA,NA,NA,NA,NA
"509","Slovak Republic",1986,NA,NA,NA,NA,NA,NA
"510","Slovenia",1986,NA,NA,NA,NA,NA,NA
"511","Spain",1986,5.495035004,NA,NA,NA,NA,NA
"512","Sweden",1986,4.84079898,NA,NA,NA,NA,NA
"513","United Kingdom",1986,4.207935877,10.21578979,NA,NA,NA,NA
"514","Austria",1987,1.297316453,NA,NA,NA,NA,NA
"515","Belgium",1987,3.109717981,8.180009842,NA,NA,NA,NA
"516","Bulgaria",1987,1.855762825,NA,NA,NA,NA,NA
"517","Croatia",1987,NA,NA,NA,NA,NA,NA
"518","Cyprus",1987,8.273900742,NA,NA,NA,NA,NA
"519","Czech Republic",1987,NA,NA,NA,NA,NA,NA
"520","Denmark",1987,0.645432554,12.29430008,NA,NA,NA,NA
"521","Estonia",1987,NA,NA,NA,NA,NA,NA
"522","Finland",1987,2.983867835,11.21802044,NA,NA,NA,NA
"523","France",1987,1.816300254,9.403619766,NA,NA,NA,NA
"524","Germany",1987,2.467200428,NA,NA,NA,NA,NA
"525","Greece",1987,-1.264667208,6.204490185,NA,NA,NA,NA
"526","Hungary",1987,NA,NA,NA,NA,NA,NA
"527","Italy",1987,3.881114167,NA,NA,NA,NA,NA
"528","Latvia",1987,NA,NA,NA,NA,NA,NA
"529","Lithuania",1987,NA,NA,NA,NA,NA,NA
"530","Luxembourg",1987,2.605454036,NA,NA,NA,NA,NA
"531","Malta",1987,NA,NA,NA,NA,NA,NA
"532","Netherlands",1987,1.229516807,11.2650404,NA,NA,NA,NA
"533","Poland",1987,NA,NA,NA,NA,NA,NA
"534","Portugal",1987,6.517065656,7.208469868,NA,NA,NA,NA
"535","Romania",1987,NA,NA,NA,NA,NA,NA
"536","Slovak Republic",1987,NA,NA,NA,NA,NA,NA
"537","Slovenia",1987,NA,NA,NA,NA,NA,NA
"538","Spain",1987,5.84131819,8.821299553,NA,NA,NA,NA
"539","Sweden",1987,3.274088351,NA,NA,NA,NA,NA
"540","United Kingdom",1987,4.158918054,10.50664997,NA,NA,NA,NA
"541","Austria",1988,4.145972256,NA,NA,NA,NA,NA
"542","Belgium",1988,5.867454151,8.162130356,NA,NA,NA,NA
"543","Bulgaria",1988,8.372098271,NA,NA,NA,NA,NA
"544","Croatia",1988,NA,NA,NA,NA,NA,NA
"545","Cyprus",1988,5.010656457,NA,NA,NA,NA,NA
"546","Czech Republic",1988,NA,NA,NA,NA,NA,NA
"547","Denmark",1988,-0.9953149,12.40993977,NA,NA,NA,NA
"548","Estonia",1988,NA,NA,NA,NA,NA,NA
"549","Finland",1988,5.710948904,11.2560997,NA,NA,NA,NA
"550","France",1988,4.621227069,9.617739677,NA,NA,NA,NA
"551","Germany",1988,3.835630454,NA,NA,NA,NA,NA
"552","Greece",1988,4.523539454,6.776410103,NA,NA,NA,NA
"553","Hungary",1988,NA,NA,NA,NA,NA,NA
"554","Italy",1988,4.020306256,NA,NA,NA,NA,NA
"555","Latvia",1988,NA,NA,NA,NA,NA,NA
"556","Lithuania",1988,NA,NA,NA,NA,NA,NA
"557","Luxembourg",1988,7.079447527,NA,NA,NA,NA,NA
"558","Malta",1988,NA,NA,NA,NA,NA,NA
"559","Netherlands",1988,1.703477139,10.53046989,NA,NA,NA,NA
"560","Poland",1988,NA,NA,NA,NA,NA,NA
"561","Portugal",1988,7.19921054,8.996930122,NA,NA,NA,NA
"562","Romania",1988,NA,NA,NA,NA,NA,NA
"563","Slovak Republic",1988,NA,NA,NA,NA,NA,NA
"564","Slovenia",1988,NA,NA,NA,NA,NA,NA
"565","Spain",1988,4.800230256,9.615260124,NA,NA,NA,NA
"566","Sweden",1988,1.571608365,NA,NA,NA,NA,NA
"567","United Kingdom",1988,5.587699978,10.78651047,NA,NA,NA,NA
"568","Austria",1989,3.488216368,11.28604031,NA,NA,NA,NA
"569","Belgium",1989,2.977582448,NA,NA,NA,NA,NA
"570","Bulgaria",1989,-3.904216208,NA,NA,NA,NA,NA
"571","Croatia",1989,NA,NA,NA,NA,NA,NA
"572","Cyprus",1989,5.906015641,NA,NA,NA,NA,NA
"573","Czech Republic",1989,NA,NA,NA,NA,NA,NA
"574","Denmark",1989,-0.757572246,11.18605995,NA,NA,NA,NA
"575","Estonia",1989,NA,NA,NA,NA,NA,NA
"576","Finland",1989,2.212114081,11.45681,NA,NA,NA,NA
"577","France",1989,2.676158125,9.529540062,NA,NA,NA,NA
"578","Germany",1989,2.92330778,NA,NA,NA,NA,NA
"579","Greece",1989,2.941510322,7.18171978,NA,NA,NA,NA
"580","Hungary",1989,NA,NA,NA,NA,NA,NA
"581","Italy",1989,3.040013303,NA,NA,NA,NA,NA
"582","Latvia",1989,NA,NA,NA,NA,NA,NA
"583","Lithuania",1989,NA,NA,NA,NA,NA,NA
"584","Luxembourg",1989,8.448239658,NA,NA,NA,NA,NA
"585","Malta",1989,NA,NA,NA,NA,NA,NA
"586","Netherlands",1989,4.00275095,NA,NA,NA,NA,NA
"587","Poland",1989,NA,NA,NA,NA,NA,NA
"588","Portugal",1989,8.547004333,9.863360405,NA,NA,NA,NA
"589","Romania",1989,NA,NA,NA,NA,NA,NA
"590","Slovak Republic",1989,NA,NA,NA,NA,NA,NA
"591","Slovenia",1989,NA,NA,NA,NA,NA,NA
"592","Spain",1989,5.488516838,10.31713009,NA,NA,NA,NA
"593","Sweden",1989,1.687772685,NA,NA,NA,NA,NA
"594","United Kingdom",1989,1.032550582,11.13731956,NA,NA,NA,NA
"595","Austria",1990,3.648170106,11.51311016,NA,NA,NA,NA
"596","Belgium",1990,2.955300369,NA,NA,NA,NA,NA
"597","Bulgaria",1990,-16.73354158,NA,NA,NA,NA,NA
"598","Croatia",1990,NA,NA,NA,NA,NA,NA
"599","Cyprus",1990,7.353482682,NA,NA,NA,NA,NA
"600","Czech Republic",1990,NA,NA,NA,NA,NA,NA
"601","Denmark",1990,1.967150029,NA,NA,NA,NA,NA
"602","Estonia",1990,NA,NA,NA,NA,NA,NA
"603","Finland",1990,-1.457315557,12.07530975,NA,NA,NA,NA
"604","France",1990,2.556084807,9.68941021,NA,NA,NA,NA
"605","Germany",1990,4.192320639,NA,NA,NA,NA,NA
"606","Greece",1990,0.988062248,7.198430061,NA,NA,NA,NA
"607","Hungary",1990,NA,NA,NA,NA,NA,NA
"608","Italy",1990,1.657273984,NA,NA,NA,NA,NA
"609","Latvia",1990,NA,NA,NA,NA,NA,NA
"610","Lithuania",1990,NA,NA,NA,NA,NA,NA
"611","Luxembourg",1990,3.912266545,NA,NA,NA,NA,NA
"612","Malta",1990,NA,NA,NA,NA,NA,NA
"613","Netherlands",1990,1.67979094,10.96805954,NA,NA,NA,NA
"614","Poland",1990,NA,NA,NA,NA,NA,NA
"615","Portugal",1990,5.537394338,10.26243973,NA,NA,NA,NA
"616","Romania",1990,NA,NA,NA,NA,NA,NA
"617","Slovak Republic",1990,NA,NA,NA,NA,NA,NA
"618","Slovenia",1990,NA,NA,NA,NA,NA,NA
"619","Spain",1990,4.485463987,10.11695004,NA,NA,NA,NA
"620","Sweden",1990,-1.380018499,8.337030411,NA,NA,NA,NA
"621","United Kingdom",1990,0.495979816,11.16559982,NA,NA,NA,NA
"622","Austria",1991,1.964168948,11.75020981,NA,NA,NA,NA
"623","Belgium",1991,1.513029887,NA,NA,NA,NA,NA
"624","Bulgaria",1991,-18.21335981,NA,NA,NA,NA,NA
"625","Croatia",1991,NA,NA,NA,NA,NA,NA
"626","Cyprus",1991,-0.173545441,NA,NA,NA,NA,NA
"627","Czech Republic",1991,NA,NA,NA,NA,NA,NA
"628","Denmark",1991,-0.278396593,10.60130024,NA,NA,NA,NA
"629","Estonia",1991,NA,NA,NA,NA,NA,NA
"630","Finland",1991,-10.11090732,12.85859966,NA,NA,NA,NA
"631","France",1991,0.251340231,10.06252956,NA,NA,NA,NA
"632","Germany",1991,3.525136811,NA,NA,NA,NA,NA
"633","Greece",1991,3.311833604,6.292029858,NA,NA,NA,NA
"634","Hungary",1991,NA,NA,NA,NA,NA,NA
"635","Italy",1991,1.746436186,NA,NA,NA,NA,NA
"636","Latvia",1991,NA,NA,NA,NA,NA,NA
"637","Lithuania",1991,NA,NA,NA,NA,NA,NA
"638","Luxembourg",1991,7.176171656,NA,NA,NA,NA,NA
"639","Malta",1991,NA,NA,NA,NA,NA,NA
"640","Netherlands",1991,2.452433415,10.71916962,NA,NA,NA,NA
"641","Poland",1991,NA,NA,NA,NA,NA,NA
"642","Portugal",1991,6.099957853,11.01051044,NA,NA,NA,NA
"643","Romania",1991,-6.17790014,NA,NA,NA,NA,NA
"644","Slovak Republic",1991,NA,NA,NA,NA,NA,NA
"645","Slovenia",1991,NA,NA,NA,NA,NA,NA
"646","Spain",1991,2.992384087,10.00685978,NA,NA,NA,NA
"647","Sweden",1991,-1.843506366,8.430029869,NA,NA,NA,NA
"648","United Kingdom",1991,-0.738396263,10.9114399,NA,NA,NA,NA
"649","Austria",1992,0.850276088,11.75971031,NA,NA,NA,NA
"650","Belgium",1992,1.623474284,NA,NA,NA,NA,NA
"651","Bulgaria",1992,-1.960540637,NA,NA,NA,NA,NA
"652","Croatia",1992,NA,NA,NA,NA,NA,NA
"653","Cyprus",1992,5.224043841,NA,NA,NA,NA,NA
"654","Czech Republic",1992,NA,NA,NA,NA,NA,NA
"655","Denmark",1992,3.092682772,NA,NA,NA,NA,NA
"656","Estonia",1992,NA,NA,NA,NA,NA,NA
"657","Finland",1992,-5.110546655,11.4066,NA,NA,NA,NA
"658","France",1992,2.054753085,9.621479988,NA,NA,NA,NA
"659","Germany",1992,1.399386507,NA,NA,NA,NA,NA
"660","Greece",1992,0.414453153,NA,NA,NA,NA,NA
"661","Hungary",1992,NA,NA,NA,NA,NA,NA
"662","Italy",1992,0.08984219,NA,NA,NA,NA,NA
"663","Latvia",1992,NA,NA,NA,NA,NA,NA
"664","Lithuania",1992,NA,NA,NA,NA,NA,NA
"665","Luxembourg",1992,-1.992548728,NA,NA,NA,NA,NA
"666","Malta",1992,NA,NA,NA,NA,NA,NA
"667","Netherlands",1992,-0.210768312,NA,NA,NA,NA,NA
"668","Poland",1992,10.36463464,NA,NA,NA,NA,NA
"669","Portugal",1992,3.422028099,10.57794952,NA,NA,NA,NA
"670","Romania",1992,-10.54745361,NA,NA,NA,NA,NA
"671","Slovak Republic",1992,NA,NA,NA,NA,NA,NA
"672","Slovenia",1992,NA,NA,NA,NA,NA,NA
"673","Spain",1992,0.869622846,9.706110001,NA,NA,NA,NA
"674","Sweden",1992,-3.6344608,8.012220383,NA,NA,NA,NA
"675","United Kingdom",1992,1.77732104,11.19357014,NA,NA,NA,NA
"676","Austria",1993,-0.939136492,11.0731802,NA,NA,NA,NA
"677","Belgium",1993,0.596851141,10.17572975,NA,NA,NA,NA
"678","Bulgaria",1993,-1.034450159,NA,NA,NA,NA,NA
"679","Croatia",1993,NA,NA,NA,NA,NA,NA
"680","Cyprus",1993,-2.064929622,NA,NA,NA,NA,NA
"681","Czech Republic",1993,NA,NA,NA,NA,NA,NA
"682","Denmark",1993,0.183792535,13.87736988,NA,NA,NA,NA
"683","Estonia",1993,NA,NA,NA,NA,NA,NA
"684","Finland",1993,-0.860370006,12.44587994,NA,NA,NA,NA
"685","France",1993,-0.884222064,10.48540974,NA,NA,NA,NA
"686","Germany",1993,-2.043434557,9.65102005,NA,NA,NA,NA
"687","Greece",1993,-1.931553809,NA,NA,NA,NA,NA
"688","Hungary",1993,NA,NA,NA,NA,NA,NA
"689","Italy",1993,-0.857285062,8.716790199,NA,NA,NA,NA
"690","Latvia",1993,NA,NA,NA,NA,NA,NA
"691","Lithuania",1993,NA,47.27873993,NA,NA,NA,NA
"692","Luxembourg",1993,3.642255426,NA,NA,NA,NA,NA
"693","Malta",1993,NA,NA,NA,NA,NA,NA
"694","Netherlands",1993,1.171227106,9.4874897,NA,NA,NA,NA
"695","Poland",1993,18.83119148,NA,NA,NA,NA,NA
"696","Portugal",1993,-1.703756012,10.52330971,NA,NA,NA,NA
"697","Romania",1993,3.872487559,NA,NA,NA,NA,NA
"698","Slovak Republic",1993,NA,NA,NA,NA,NA,NA
"699","Slovenia",1993,NA,NA,NA,NA,NA,NA
"700","Spain",1993,-1.769649495,10.02190018,NA,NA,NA,NA
"701","Sweden",1993,-4.805079586,8.153800011,NA,NA,NA,NA
"702","United Kingdom",1993,2.832037415,NA,NA,NA,NA,NA
"703","Austria",1994,1.974946488,NA,NA,NA,NA,NA
"704","Belgium",1994,3.552523764,10.2769804,NA,NA,NA,NA
"705","Bulgaria",1994,6.32852124,NA,NA,NA,NA,NA
"706","Croatia",1994,NA,NA,NA,NA,NA,NA
"707","Cyprus",1994,2.867707606,NA,NA,NA,NA,NA
"708","Czech Republic",1994,2.89218679,NA,NA,NA,NA,NA
"709","Denmark",1994,4.863245382,13.47953033,NA,NA,NA,NA
"710","Estonia",1994,NA,NA,NA,NA,NA,NA
"711","Finland",1994,6.920034385,11.41804028,NA,NA,NA,NA
"712","France",1994,1.910220831,10.58442974,NA,NA,NA,NA
"713","Germany",1994,1.975441994,9.462630272,NA,NA,NA,NA
"714","Greece",1994,2.14610336,NA,NA,NA,NA,NA
"715","Hungary",1994,3.771216035,NA,NA,NA,NA,NA
"716","Italy",1994,1.534422665,8.239609718,NA,NA,NA,NA
"717","Latvia",1994,NA,NA,NA,NA,NA,NA
"718","Lithuania",1994,NA,21.93460083,NA,NA,NA,NA
"719","Luxembourg",1994,-0.919452794,NA,NA,NA,NA,NA
"720","Malta",1994,NA,NA,NA,NA,NA,NA
"721","Netherlands",1994,3.820473282,9.494959831,NA,NA,NA,NA
"722","Poland",1994,22.53090464,NA,NA,NA,NA,NA
"723","Portugal",1994,0.49485416,10.9102602,NA,NA,NA,NA
"724","Romania",1994,5.571181386,NA,NA,NA,NA,NA
"725","Slovak Republic",1994,NA,NA,NA,NA,NA,NA
"726","Slovenia",1994,NA,NA,NA,NA,NA,NA
"727","Spain",1994,0.182406314,10.24135971,NA,NA,NA,NA
"728","Sweden",1994,6.025966243,NA,NA,NA,NA,NA
"729","United Kingdom",1994,5.730920647,11.88866043,NA,NA,NA,NA
"730","Austria",1995,2.267722871,10.50611973,NA,NA,NA,NA
"731","Belgium",1995,1.543752609,5.826600075,NA,NA,NA,NA
"732","Bulgaria",1995,4.495146518,NA,NA,NA,NA,NA
"733","Croatia",1995,NA,NA,NA,NA,NA,NA
"734","Cyprus",1995,1.838125871,NA,NA,NA,NA,NA
"735","Czech Republic",1995,3.645752876,NA,NA,NA,NA,NA
"736","Denmark",1995,2.798111658,13.14820957,NA,NA,NA,NA
"737","Estonia",1995,NA,NA,NA,NA,NA,NA
"738","Finland",1995,9.298463912,11.90163994,NA,NA,NA,NA
"739","France",1995,1.862337578,11.0101099,NA,NA,NA,NA
"740","Germany",1995,1.598084847,9.571590424,NA,NA,NA,NA
"741","Greece",1995,0.711182516,NA,NA,NA,NA,NA
"742","Hungary",1995,0.577008239,NA,NA,NA,NA,NA
"743","Italy",1995,3.490942905,8.595170021,NA,NA,NA,NA
"744","Latvia",1995,NA,NA,NA,NA,NA,NA
"745","Lithuania",1995,NA,20.65736008,NA,NA,NA,NA
"746","Luxembourg",1995,1.207000498,NA,NA,NA,NA,NA
"747","Malta",1995,NA,NA,NA,NA,NA,NA
"748","Netherlands",1995,3.932057037,9.719510078,NA,NA,NA,NA
"749","Poland",1995,10.40437623,NA,NA,NA,NA,NA
"750","Portugal",1995,3.142293139,11.65087032,NA,NA,NA,NA
"751","Romania",1995,4.0019692,NA,NA,NA,NA,NA
"752","Slovak Republic",1995,NA,NA,NA,NA,NA,NA
"753","Slovenia",1995,NA,NA,NA,NA,NA,NA
"754","Spain",1995,4.046441595,10.63162994,NA,NA,NA,NA
"755","Sweden",1995,6.11670069,10.23042965,NA,NA,NA,NA
"756","United Kingdom",1995,-5.536112318,11.96907997,NA,NA,NA,NA
"757","Austria",1996,2.093082616,9.740949631,NA,NA,NA,NA
"758","Belgium",1996,0.700118175,5.894609928,NA,NA,NA,NA
"759","Bulgaria",1996,-2.866984167,NA,NA,NA,NA,NA
"760","Croatia",1996,10.12270172,NA,NA,NA,NA,NA
"761","Cyprus",1996,-0.899424198,NA,NA,NA,NA,NA
"762","Czech Republic",1996,4.90858189,9.484740257,NA,NA,NA,NA
"763","Denmark",1996,2.457389653,14.1424799,NA,NA,NA,NA
"764","Estonia",1996,NA,19.87682915,NA,NA,NA,NA
"765","Finland",1996,4.22216815,11.84667015,NA,NA,NA,NA
"766","France",1996,1.359866672,10.86114025,NA,NA,NA,NA
"767","Germany",1996,0.226267554,8.320489883,NA,NA,NA,NA
"768","Greece",1996,1.97635697,NA,NA,NA,NA,NA
"769","Hungary",1996,-0.948378778,9.59910965,NA,NA,NA,NA
"770","Italy",1996,2.097119464,9.116140366,NA,NA,NA,NA
"771","Latvia",1996,7.790132913,NA,NA,NA,NA,NA
"772","Lithuania",1996,11.43572733,18.32267952,NA,NA,NA,NA
"773","Luxembourg",1996,2.26513453,8.68914032,NA,NA,NA,NA
"774","Malta",1996,NA,NA,NA,NA,NA,NA
"775","Netherlands",1996,3.155527647,8.866609573,NA,NA,NA,NA
"776","Poland",1996,6.887100383,16.79590988,NA,NA,NA,NA
"777","Portugal",1996,2.044252124,12.59257984,NA,NA,NA,NA
"778","Romania",1996,1.232247813,14.72865009,NA,NA,NA,NA
"779","Slovak Republic",1996,2.04482253,9.586700439,NA,NA,NA,NA
"780","Slovenia",1996,3.056497844,NA,NA,NA,NA,NA
"781","Spain",1996,1.846844748,10.70874977,NA,NA,NA,NA
"782","Sweden",1996,0.530244894,11.36322975,NA,NA,NA,NA
"783","United Kingdom",1996,2.636491468,11.75599003,NA,NA,NA,NA
"784","Austria",1997,1.378315618,NA,NA,NA,NA,NA
"785","Belgium",1997,3.433116895,NA,NA,NA,NA,NA
"786","Bulgaria",1997,-5.220245549,NA,NA,NA,NA,NA
"787","Croatia",1997,5.59604885,NA,NA,NA,NA,NA
"788","Cyprus",1997,0.095909037,NA,NA,NA,NA,NA
"789","Czech Republic",1997,-1.710040253,NA,NA,NA,NA,NA
"790","Denmark",1997,2.310679233,NA,NA,NA,NA,NA
"791","Estonia",1997,NA,17.85774994,NA,NA,NA,NA
"792","Finland",1997,7.759284582,NA,NA,NA,NA,NA
"793","France",1997,2.692599145,NA,NA,NA,NA,NA
"794","Germany",1997,0.951964696,NA,NA,NA,NA,NA
"795","Greece",1997,4.645358967,NA,NA,NA,NA,NA
"796","Hungary",1997,3.366608588,NA,NA,NA,NA,NA
"797","Italy",1997,1.669727183,NA,NA,NA,NA,NA
"798","Latvia",1997,10.45224268,NA,NA,NA,NA,NA
"799","Lithuania",1997,12.20683694,16.7170105,NA,NA,NA,NA
"800","Luxembourg",1997,4.360466136,NA,NA,NA,NA,NA
"801","Malta",1997,NA,NA,NA,NA,NA,NA
"802","Netherlands",1997,3.997256406,NA,NA,NA,NA,NA
"803","Poland",1997,7.194147413,NA,NA,NA,NA,NA
"804","Portugal",1997,3.960874788,NA,NA,NA,NA,NA
"805","Romania",1997,-0.453425593,NA,NA,NA,NA,NA
"806","Slovak Republic",1997,6.668003196,8.527830124,NA,NA,NA,NA
"807","Slovenia",1997,5.225632369,NA,NA,NA,NA,NA
"808","Spain",1997,3.296460467,NA,NA,NA,NA,NA
"809","Sweden",1997,2.807862036,NA,NA,NA,NA,NA
"810","United Kingdom",1997,6.638215262,NA,NA,NA,NA,NA
"811","Austria",1998,3.163052668,11.29195023,"High income",76.88426604,1.872740149,1.354778886
"812","Belgium",1998,1.854502843,NA,"High income",123.4844957,1.838509798,1.342847466
"813","Bulgaria",1998,9.323830696,8.951020241,"Upper middle income",79.15009601,-0.201888442,0.437017411
"814","Croatia",1998,5.18281859,NA,"Upper middle income",65.76340439,0.074214436,-0.292461693
"815","Cyprus",1998,15.93889567,NA,"High income",134.9106801,1.249062777,0.983076632
"816","Czech Republic",1998,2.424436437,8.636710167,"High income",84.68860957,0.628997087,0.967962325
"817","Denmark",1998,2.131794012,14.63436985,"High income",71.29911938,1.982807875,1.467340946
"818","Estonia",1998,NA,16.16828918,"High income",158.4289651,0.574491799,1.03417027
"819","Finland",1998,5.341802934,NA,"High income",67.018325,2.022946119,1.467298269
"820","France",1998,3.602612661,10.81140995,"High income",49.0057228,1.513517737,1.171781659
"821","Germany",1998,2.288285473,9.339010239,"High income",51.58287212,1.881972551,1.291888475
"822","Greece",1998,2.396653828,6.406680107,"High income",42.26828025,0.778046727,1.103217363
"823","Hungary",1998,4.630540785,8.699799538,"High income",107.2099851,0.987042665,1.070460796
"824","Italy",1998,2.304705609,9.238900185,"High income",45.20998028,0.872635841,1.0639745
"825","Latvia",1998,10.21179247,15.66432953,"High income",90.44365087,0.230529338,0.828436792
"826","Lithuania",1998,9.034603885,16.61293983,"High income",89.6518082,0.31366992,0.93635422
"827","Luxembourg",1998,-1.204177554,NA,"High income",232.8900888,2.036945105,1.524928689
"828","Malta",1998,NA,NA,"High income",223.3065765,0.937815368,1.136850238
"829","Netherlands",1998,3.018382133,10.42632008,"High income",113.3449777,2.078731775,1.562134027
"830","Poland",1998,6.201385591,11.27880955,"High income",56.66054525,0.685119927,1.087616324
"831","Portugal",1998,4.443837893,NA,"High income",63.8106832,1.162668705,1.434567332
"832","Romania",1998,3.460543336,NA,"Upper middle income",53.47724912,-0.569097519,0.389990568
"833","Slovak Republic",1998,3.082548173,NA,"High income",103.9221944,0.540169358,0.710790992
"834","Slovenia",1998,3.449387508,NA,"High income",96.77501823,0.825600743,1.204610944
"835","Spain",1998,4.657209844,10.4872303,"High income",52.86422329,1.661104918,1.299594522
"836","Sweden",1998,4.501244104,12.69548988,"High income",75.74384605,1.955860138,1.536840677
"837","United Kingdom",1998,6.142248291,12.24975967,"High income",48.26150548,1.932943702,1.195276618
"838","Austria",1999,2.060025996,12.15056992,NA,NA,NA,NA
"839","Belgium",1999,2.187538625,NA,NA,NA,NA,NA
"840","Bulgaria",1999,-4.404037528,NA,NA,NA,NA,NA
"841","Croatia",1999,-4.874315117,NA,NA,NA,NA,NA
"842","Cyprus",1999,-5.748442254,13.90412045,NA,NA,NA,NA
"843","Czech Republic",1999,0.049690378,8.998749733,NA,NA,NA,NA
"844","Denmark",1999,2.097435961,14.54370975,NA,NA,NA,NA
"845","Estonia",1999,NA,16.50725937,NA,NA,NA,NA
"846","Finland",1999,4.893036249,11.76006031,NA,NA,NA,NA
"847","France",1999,3.614512749,10.84447956,NA,NA,NA,NA
"848","Germany",1999,1.650872826,NA,NA,NA,NA,NA
"849","Greece",1999,1.160504096,6.560050011,NA,NA,NA,NA
"850","Hungary",1999,1.773573474,9.386130333,NA,NA,NA,NA
"851","Italy",1999,2.029573339,9.549469948,NA,NA,NA,NA
"852","Latvia",1999,5.25030585,14.09593964,NA,NA,NA,NA
"853","Lithuania",1999,1.112613293,NA,NA,NA,NA,NA
"854","Luxembourg",1999,8.091553929,NA,NA,NA,NA,NA
"855","Malta",1999,NA,NA,NA,NA,NA,NA
"856","Netherlands",1999,5.90631996,10.48554993,NA,NA,NA,NA
"857","Poland",1999,3.867916947,10.89190006,NA,NA,NA,NA
"858","Portugal",1999,4.282035745,11.85663033,NA,NA,NA,NA
"859","Romania",1999,0.344526108,NA,NA,NA,NA,NA
"860","Slovak Republic",1999,-1.326221123,8.593270302,NA,NA,NA,NA
"861","Slovenia",1999,5.902187299,NA,NA,NA,NA,NA
"862","Spain",1999,3.910401818,10.69392014,NA,NA,NA,NA
"863","Sweden",1999,3.262870555,12.42780972,NA,NA,NA,NA
"864","United Kingdom",1999,1.873836733,11.79452038,NA,NA,NA,NA
"865","Austria",2000,3.331012895,11.03322029,"High income",85.30957956,1.929281592,1.317559481
"866","Belgium",2000,2.746499124,NA,"High income",141.0790715,1.734675765,1.366504431
"867","Bulgaria",2000,11.40077755,NA,"Upper middle income",78.32361937,0.002994847,0.46049872
"868","Croatia",2000,5.935185207,NA,"Upper middle income",76.05694432,0.332190484,0.510653853
"869","Cyprus",2000,2.758668593,14.26830959,"High income",137.4964135,1.130084038,1.057137489
"870","Czech Republic",2000,2.417166434,9.073530197,"High income",98.2331208,0.649402976,0.762775123
"871","Denmark",2000,2.146397595,15.34414959,"High income",82.98395071,1.980277419,1.535965323
"872","Estonia",2000,NA,14.81044006,"High income",126.5135312,0.737845659,0.98800236
"873","Finland",2000,5.238665749,12.17092037,"High income",74.99431239,2.118074417,1.593033314
"874","France",2000,1.754555023,10.78995037,"High income",55.25936459,1.7117697,1.182986617
"875","Germany",2000,1.734797634,NA,"High income",61.3899966,1.885063171,1.314802051
"876","Greece",2000,4.330413239,6.957769871,"High income",58.41567754,0.625266254,1.013062
"877","Hungary",2000,4.561834527,10.32361031,"High income",136.9903717,0.982523382,1.135266662
"878","Italy",2000,1.902493425,9.448470116,"High income",50.47451867,0.765686214,1.040719151
"879","Latvia",2000,10.2767859,14.60147953,"High income",81.75290783,0.329460502,0.742288053
"880","Lithuania",2000,7.034054469,NA,"High income",83.27429474,0.144597501,0.855439901
"881","Luxembourg",2000,1.573372803,NA,"High income",271.9509664,1.973986387,1.510186672
"882","Malta",2000,NA,NA,"High income",245.8622494,1.104839802,1.191570759
"883","Netherlands",2000,3.607758415,11.07563019,"High income",126.4519786,2.070121288,1.543961287
"884","Poland",2000,5.37122482,11.89871979,"High income",60.79070241,0.606164873,1.075671673
"885","Portugal",2000,-0.496799556,12.10435963,"High income",67.42339013,1.02396667,1.357868314
"886","Romania",2000,3.695985335,8.187580109,"Upper middle income",70.71250429,-0.373169273,0.469307065
"887","Slovak Republic",2000,3.368724161,7.442820072,"High income",110.6994317,0.605526865,0.848681509
"888","Slovenia",2000,0.374792821,NA,"High income",103.6791227,0.751933753,1.107541919
"889","Spain",2000,3.294767076,10.68445015,"High income",60.23783366,1.762161851,1.277019858
"890","Sweden",2000,4.050404555,12.92327023,"High income",82.32740621,1.962456584,1.57328856
"891","United Kingdom",2000,3.84468443,12.05230999,"High income",51.53089941,1.848112941,1.323269844
"892","Austria",2001,0.465545057,10.85632038,NA,NA,NA,NA
"893","Belgium",2001,-0.802656673,11.87948036,NA,NA,NA,NA
"894","Bulgaria",2001,9.812778714,9.277739525,NA,NA,NA,NA
"895","Croatia",2001,0.997987955,NA,NA,NA,NA,NA
"896","Cyprus",2001,3.888859131,14.3215704,NA,NA,NA,NA
"897","Czech Republic",2001,3.948254084,8.839110374,NA,NA,NA,NA
"898","Denmark",2001,0.325368938,15.54854012,NA,NA,NA,NA
"899","Estonia",2001,8.503187078,15.05838013,NA,NA,NA,NA
"900","Finland",2001,2.686792715,12.63444996,NA,NA,NA,NA
"901","France",2001,1.584368648,10.57707024,NA,NA,NA,NA
"902","Germany",2001,0.912340505,NA,NA,NA,NA,NA
"903","Greece",2001,3.620130175,7.316520214,NA,NA,NA,NA
"904","Hungary",2001,6.534024503,10.45506954,NA,NA,NA,NA
"905","Italy",2001,1.888751077,9.825440407,NA,NA,NA,NA
"906","Latvia",2001,12.78991621,15.87751961,NA,NA,NA,NA
"907","Lithuania",2001,8.149565505,16.67028046,NA,NA,NA,NA
"908","Luxembourg",2001,0.515361612,9.302109718,NA,NA,NA,NA
"909","Malta",2001,NA,NA,NA,NA,NA,NA
"910","Netherlands",2001,-1.222843225,11.01714039,NA,NA,NA,NA
"911","Poland",2001,1.064865857,11.86071968,NA,NA,NA,NA
"912","Portugal",2001,1.100289155,12.09401035,NA,NA,NA,NA
"913","Romania",2001,6.541909408,9.848819733,NA,NA,NA,NA
"914","Slovak Republic",2001,3.504863229,8.87773037,NA,NA,NA,NA
"915","Slovenia",2001,4.500022759,13.81725025,NA,NA,NA,NA
"916","Spain",2001,2.981601124,10.71261024,NA,NA,NA,NA
"917","Sweden",2001,0.074238488,12.80768013,NA,NA,NA,NA
"918","United Kingdom",2001,2.592987544,12.28367043,NA,NA,NA,NA
"919","Austria",2002,1.99915925,10.53232956,"High income",86.7940455,1.942697525,1.307496905
"920","Belgium",2002,1.550202329,12.01327991,"High income",135.124885,1.978010178,1.377452493
"921","Bulgaria",2002,10.65040325,9.654319763,"Upper middle income",75.46514112,0.248750851,0.528531313
"922","Croatia",2002,7.762642413,7.973289967,"Upper middle income",83.21899405,0.353035837,0.556711018
"923","Cyprus",2002,3.045697808,14.91421032,"High income",123.6406522,1.350595713,1.117119074
"924","Czech Republic",2002,2.991302455,8.988100052,"High income",91.52598182,0.968913019,1.016403556
"925","Denmark",2002,0.696769761,15.43387985,"High income",84.55693977,2.088285685,1.532867908
"926","Estonia",2002,8.066146483,15.28682995,"High income",124.0913643,0.735764623,1.072951317
"927","Finland",2002,1.663637066,12.6825304,"High income",69.29037218,2.16153717,1.552903652
"928","France",2002,-0.273327969,10.34288979,"High income",52.41551091,1.60240674,1.154342294
"929","Germany",2002,-0.075223611,NA,"High income",60.77300852,1.719772458,1.414031386
"930","Greece",2002,3.694023198,7.477159977,"High income",50.34899626,0.8249017,1.04801929
"931","Hungary",2002,7.020631341,10.17914963,"High income",117.951385,1.050705433,1.15602231
"932","Italy",2002,-0.430857213,9.505140305,"High income",48.19841696,0.801830411,1.038653016
"933","Latvia",2002,8.670433843,16.37018013,"High income",83.29865846,0.55306071,0.837780058
"934","Lithuania",2002,8.922420037,17.46509933,"High income",100.3598816,0.559787929,0.904892266
"935","Luxembourg",2002,-2.649491449,NA,"High income",258.8431483,2.038897276,1.408296943
"936","Malta",2002,NA,9.535340309,"High income",218.8529089,1.102383614,1.167907596
"937","Netherlands",2002,-0.600108537,11.09920025,"High income",114.7103848,1.99657011,1.469413996
"938","Poland",2002,1.765346294,11.91849041,"High income",60.92445631,0.505150318,1.087819576
"939","Portugal",2002,1.554444316,12.02215004,"High income",62.16105381,1.205846429,1.304545403
"940","Romania",2002,4.785028906,10.92234993,"Upper middle income",76.04920396,-0.200361192,0.386146128
"941","Slovak Republic",2002,4.270688952,9.417570114,"High income",122.1961348,0.60159272,0.976482391
"942","Slovenia",2002,4.683897847,13.72527027,"High income",103.327149,0.918099225,1.130460024
"943","Spain",2002,2.04764957,10.70899963,"High income",54.98286373,1.847429514,1.27498734
"944","Sweden",2002,1.106102966,13.13228035,"High income",77.86356229,2.026077509,1.50778389
"945","United Kingdom",2002,3.041822199,13.55554008,"High income",50.34232237,1.840955734,1.283422589
"946","Austria",2003,0.664973916,10.73962021,"High income",86.17005099,1.995846033,1.343882084
"947","Belgium",2003,-0.287518672,11.6037302,"High income",131.9903126,1.933774114,1.478290319
"948","Bulgaria",2003,5.045429473,11.18025017,"Upper middle income",79.2771073,0.114252992,0.545892
"949","Croatia",2003,3.879740645,8.211899757,"Upper middle income",85.21914353,0.369899958,0.623684108
"950","Cyprus",2003,3.371230785,16.51523018,"High income",114.0046926,1.183419347,0.994463027
"951","Czech Republic",2003,4.162236642,8.554820061,"High income",95.01519722,0.898229897,1.014175177
"952","Denmark",2003,0.410739229,15.14175034,"High income",80.8817255,2.154385805,1.601452231
"953","Estonia",2003,7.619249632,15.18782997,"High income",123.2780547,0.941967666,1.07057941
"954","Finland",2003,-0.259710249,12.77597046,"High income",68.03765942,2.261098623,1.572457075
"955","France",2003,-0.339440512,10.84214973,"High income",50.13197446,1.714666128,1.122662783
"956","Germany",2003,-0.23525889,NA,"High income",61.51913445,1.419070363,1.413554311
"957","Greece",2003,3.980892483,7.3604002,"High income",48.19005372,0.76126945,1.156673908
"958","Hungary",2003,5.027258009,11.82977009,"High income",116.4283843,0.957955182,1.167382121
"959","Italy",2003,-0.07503596,9.640839577,"High income",46.26863869,0.801552355,0.985716999
"960","Latvia",2003,10.47116454,15.37675953,"High income",84.7807483,0.645247459,0.767004192
"961","Lithuania",2003,10.37889981,15.93097973,"High income",98.1259502,0.763246477,0.920530558
"962","Luxembourg",2003,-2.605486465,NA,"High income",254.1010524,1.920923233,1.533095598
"963","Malta",2003,NA,NA,"High income",214.5723403,0.937748015,1.34463799
"964","Netherlands",2003,1.218516971,11.40470982,"High income",112.6547602,2.020344019,1.52679491
"965","Poland",2003,1.977174403,11.67253017,"High income",69.43730569,0.545921683,1.012596726
"966","Portugal",2003,-0.717747324,11.64595032,"High income",60.43826721,1.166832924,1.409579992
"967","Romania",2003,6.321461933,11.13906002,"Upper middle income",76.51250672,-0.258438528,0.299218893
"968","Slovak Republic",2003,0.316253951,10.56774044,"High income",126.2829945,0.705591202,0.931504726
"969","Slovenia",2003,2.981854512,13.69596004,"High income",102.1084668,1.08082366,1.124961376
"970","Spain",2003,1.999206183,10.88755035,"High income",53.11137165,1.881454229,1.270559311
"971","Sweden",2003,3.975345068,12.8358202,"High income",76.14812773,2.082847834,1.548605323
"972","United Kingdom",2003,3.001662581,13.61705971,"High income",49.47157307,1.810524344,1.333042264
"973","Austria",2004,2.050928744,9.873330116,"High income",90.61794791,1.86530304,1.475651145
"974","Belgium",2004,2.257863869,11.86717033,"High income",136.0378332,1.875864148,1.440266132
"975","Bulgaria",2004,7.224101419,6.703000069,"Upper middle income",93.28954514,0.150523335,0.569690168
"976","Croatia",2004,6.665688323,8.119059563,"Upper middle income",84.92487766,0.441561401,0.658320665
"977","Cyprus",2004,3.481303885,15.83298016,"High income",113.9045337,1.127475142,0.950031281
"978","Czech Republic",2004,4.749128728,9.539540291,"High income",113.8683352,0.864374995,0.954461277
"979","Denmark",2004,3.544762307,15.48686028,"High income",82.20778074,2.309707165,1.800991774
"980","Estonia",2004,7.452094825,14.48865986,"High income",130.9127506,0.924236,1.093419075
"981","Finland",2004,4.44425076,12.77896023,"High income",70.99137414,2.169804811,1.783608437
"982","France",2004,2.368300686,10.7323103,"High income",51.19677804,1.776973248,1.45645833
"983","Germany",2004,3.59051562,NA,"High income",65.85610978,1.487870574,1.496040106
"984","Greece",2004,4.422971247,7.70182991,"High income",49.8984416,0.805215478,1.191414952
"985","Hungary",2004,5.211504385,11.00590038,"High income",122.9828493,0.863002419,1.149414063
"986","Italy",2004,1.461369547,9.388010025,"High income",47.54364359,0.647107601,1.177167773
"987","Latvia",2004,9.635903841,14.50181007,"High income",93.713351,0.610607326,0.700535595
"988","Lithuania",2004,12.95178128,15.5721302,"High income",101.7306101,0.71216929,0.882494092
"989","Luxembourg",2004,16.08702349,NA,"High income",281.2083939,1.898920655,1.668277264
"990","Malta",2004,NA,10.55488968,"High income",208.2573143,0.798396647,1.372729182
"991","Netherlands",2004,1.839655483,11.72140026,"High income",119.1482215,2.092519522,1.696608305
"992","Poland",2004,4.280221968,12.31606007,"High income",71.21316697,0.465907514,1.016627669
"993","Portugal",2004,0.682938471,10.94620991,"High income",62.76298067,1.064094782,1.464911222
"994","Romania",2004,10.69736027,9.843310356,"Upper middle income",80.21416086,-0.205614612,0.367766201
"995","Slovak Republic",2004,8.470846768,10.86330986,"High income",140.1618237,0.873966992,0.947524965
"996","Slovenia",2004,3.120536182,13.49901962,"High income",111.3771087,0.922730684,1.112388611
"997","Spain",2004,0.607579224,10.72628975,"High income",54.21246314,1.352699876,1.323611856
"998","Sweden",2004,2.265700209,12.96947956,"High income",79.29382574,2.121819973,1.739247203
"999","United Kingdom",2004,2.477217809,12.9549799,"High income",49.51136982,1.889605284,1.597445846
"1000","Austria",2005,1.124869175,10.26185036,"High income",93.76702228,1.684594631,1.378656507
"1001","Belgium",2005,0.650641664,11.17420006,"High income",143.3762209,1.711561441,1.420762181
"1002","Bulgaria",2005,5.580269971,12.07252026,"Upper middle income",99.87344245,0.181857437,0.59489274
"1003","Croatia",2005,6.360402082,NA,"Upper middle income",84.72784068,0.460783869,0.452612311
"1004","Cyprus",2005,1.425833241,15.83936024,"High income",111.9175222,1.157761335,0.955872655
"1005","Czech Republic",2005,7.08885166,9.323120117,"High income",122.0152585,0.925236821,0.90567255
"1006","Denmark",2005,3.66520113,15.77933979,"High income",89.39976696,2.119751692,1.739608884
"1007","Estonia",2005,13.13918339,14.52334976,"High income",136.9166007,0.964996755,0.992168546
"1008","Finland",2005,0.510939187,12.24969959,"High income",76.62771387,2.129371881,1.687096953
"1009","France",2005,0.110857504,10.40091991,"High income",53.1520143,1.67152679,1.476771235
"1010","Germany",2005,0.463162565,NA,"High income",70.42119034,1.505680919,1.485833883
"1011","Greece",2005,1.02799622,8.700209618,"High income",50.90086412,0.71530503,1.097569346
"1012","Hungary",2005,4.428710907,10.80056953,"High income",127.3536783,0.771703482,1.175189376
"1013","Italy",2005,-0.266874717,9.013730049,"High income",49.41381483,0.561837733,1.057029247
"1014","Latvia",2005,14.2130688,NA,"High income",100.8333976,0.568497837,0.781813085
"1015","Lithuania",2005,11.51945946,14.57956028,"High income",114.9169389,0.779207945,0.902132928
"1016","Luxembourg",2005,3.321899117,NA,"High income",297.7729742,1.777104616,1.581917882
"1017","Malta",2005,NA,NA,"High income",211.188036,0.822761059,1.233854294
"1018","Netherlands",2005,0.137707259,12.19349003,"High income",124.5538472,1.94267118,1.666020036
"1019","Poland",2005,6.210467073,12.25104046,"High income",70.27496093,0.478356808,0.944372296
"1020","Portugal",2005,0.134395604,10.8635397,"High income",62.57180573,1.056517243,1.430305123
"1021","Romania",2005,10.24418919,10.83668041,"Upper middle income",75.92764334,-0.30682531,0.408908844
"1022","Slovak Republic",2005,9.103410013,9.466119766,"High income",148.6793974,0.927179933,0.899956763
"1023","Slovenia",2005,3.187986473,13.29055023,"High income",119.7974805,0.892818451,1.092290401
"1024","Spain",2005,1.087772109,10.78145027,"High income",54.33510358,1.506729841,1.1314044
"1025","Sweden",2005,2.646143967,12.67805004,"High income",84.57396972,1.892861724,1.584472775
"1026","United Kingdom",2005,2.987009743,13.18188,"High income",51.93899823,1.76659596,1.443956375
"1027","Austria",2006,3.38524466,10.37458038,"High income",97.73641652,1.831036448,1.372684956
"1028","Belgium",2006,0.943957625,12.05537033,"High income",147.6939014,1.747100949,1.342394352
"1029","Bulgaria",2006,5.184381252,12.01047993,"Upper middle income",111.2914142,-0.057375778,0.577117205
"1030","Croatia",2006,4.856730471,NA,"Upper middle income",86.06567354,0.571395218,0.481493741
"1031","Cyprus",2006,2.423262098,16.17962074,"High income",109.8064413,1.26732409,1.052067399
"1032","Czech Republic",2006,3.956066446,10.35336971,"High income",127.6325026,1.096460104,0.962292731
"1033","Denmark",2006,3.490423822,15.51264,"High income",97.36669718,2.226260185,1.5716362
"1034","Estonia",2006,10.69225548,NA,"High income",137.1214082,1.157150984,1.068221688
"1035","Finland",2006,3.560874635,12.28382015,"High income",82.18278935,2.17011404,1.494072199
"1036","France",2006,1.152806957,10.36730003,"High income",55.18724501,1.632802367,1.298722863
"1037","Germany",2006,4.289546136,9.574159622,"High income",77.0821686,1.650242805,1.365230918
"1038","Greece",2006,3.02168593,NA,"High income",52.85023864,0.636947989,0.965482771
"1039","Hungary",2006,2.696963156,10.32771015,"High income",149.0528264,0.872900426,1.015040755
"1040","Italy",2006,0.771299723,9.527190208,"High income",53.29227483,0.364740819,1.064523578
"1041","Latvia",2006,9.761564404,13.91162968,"High income",100.6185996,0.685126245,0.846699059
"1042","Lithuania",2006,7.029347527,14.28964996,"High income",121.5041934,0.726338387,0.861287594
"1043","Luxembourg",2006,-6.235487929,NA,"High income",320.5982618,1.571361542,1.547201157
"1044","Malta",2006,NA,NA,"High income",250.2849929,1.025021791,1.203782439
"1045","Netherlands",2006,6.60156641,11.83043957,"High income",129.8258669,1.788717747,1.539821029
"1046","Poland",2006,5.716146695,12.69519997,"High income",77.79139372,0.373784333,0.803532481
"1047","Portugal",2006,-0.452768976,10.84840965,"High income",68.07303623,0.874538302,1.232661724
"1048","Romania",2006,12.59639391,NA,"Upper middle income",76.05263105,-0.210183203,0.517973423
"1049","Slovak Republic",2006,9.227695965,9.580109596,"High income",166.0311004,0.882537484,0.931123257
"1050","Slovenia",2006,5.113773267,13.31970024,"High income",129.4386214,0.963559985,1.06961453
"1051","Spain",2006,1.740626451,10.88879013,"High income",55.65927296,0.83720243,1.07872498
"1052","Sweden",2006,5.84653918,12.7211504,"High income",88.78948308,1.80431509,1.48571825
"1053","United Kingdom",2006,-0.254233937,13.14474964,"High income",55.82550643,1.670994282,1.378773689
"1054","Austria",2007,2.770807141,10.45228958,"High income",100.2397686,1.870186687,1.369262457
"1055","Belgium",2007,2.863283066,12.12403011,"High income",151.1636219,1.608859658,1.36077106
"1056","Bulgaria",2007,4.461010186,11.11392021,"Upper middle income",122.6138492,-0.007542833,0.690935373
"1057","Croatia",2007,6.232674765,8.831609726,"Upper middle income",85.26845637,0.474211425,0.517976046
"1058","Cyprus",2007,6.621368578,16.72047997,"High income",111.2750838,1.427616119,1.066655755
"1059","Czech Republic",2007,5.226031359,9.699159622,"High income",130.3729027,0.895334065,0.995283782
"1060","Denmark",2007,-0.924974025,15.35669994,"High income",100.0678611,2.353997707,1.477704406
"1061","Estonia",2007,7.851438531,13.87777042,"High income",135.2656776,1.03731823,1.073010921
"1062","Finland",2007,3.97449969,12.14995003,"High income",83.1759422,1.974781752,1.460226774
"1063","France",2007,2.211674096,10.4259901,"High income",55.54770336,1.471042156,1.259766817
"1064","Germany",2007,3.269365039,10.14313984,"High income",79.37053115,1.637843847,1.336478472
"1065","Greece",2007,2.164363795,NA,"High income",57.52437422,0.557945132,0.983873904
"1066","Hungary",2007,-1.160444444,10.33817005,"High income",155.2000852,0.70847553,1.041055679
"1067","Italy",2007,0.515922669,8.801930428,"High income",55.21364719,0.197625935,1.111907482
"1068","Latvia",2007,15.95295607,14.06704998,"High income",95.92301934,0.480013371,0.828915298
"1069","Lithuania",2007,11.37966075,13.32594013,"High income",113.8414293,0.701870203,0.886551917
"1070","Luxembourg",2007,14.19092006,NA,"High income",332.5048493,1.592555285,1.537699461
"1071","Malta",2007,NA,14.51840019,"High income",258.5097699,1.206339955,1.242634654
"1072","Netherlands",2007,2.902077739,11.62495995,"High income",131.7218889,1.728332758,1.523433328
"1073","Poland",2007,7.091806379,11.2919302,"High income",80.66200462,0.387233764,0.879502356
"1074","Portugal",2007,3.023485874,11.0637598,"High income",69.65307983,0.900741637,1.231420636
"1075","Romania",2007,18.00992523,12.00496006,"Upper middle income",72.59205385,-0.319075227,0.498997658
"1076","Slovak Republic",2007,11.91913966,9.712280273,"High income",167.6708549,0.73205626,0.947436213
"1077","Slovenia",2007,6.426191684,12.89665985,"High income",136.4919645,0.936191022,1.062970877
"1078","Spain",2007,0.960249473,10.87619972,"High income",57.40645647,0.993321776,1.123086691
"1079","Sweden",2007,3.51886806,12.75094032,"High income",89.53977992,2.025398016,1.510136127
"1080","United Kingdom",2007,1.783364119,13.03040028,"High income",52.20208712,1.648174167,1.335596442
"1081","Austria",2008,1.453413956,10.55515003,"High income",101.4883311,1.780839682,1.35846436
"1082","Belgium",2008,-1.629574423,12.51309013,"High income",158.9080451,1.389755607,1.324988484
"1083","Bulgaria",2008,10.71245231,12.61225986,"Upper middle income",124.8448579,-0.047309104,0.577976346
"1084","Croatia",2008,1.561335174,9.549320221,"Upper middle income",84.99464126,0.569998205,0.467806906
"1085","Cyprus",2008,-0.010879665,17.59074974,"High income",112.9469641,1.53257072,1.084034085
"1086","Czech Republic",2008,-0.146372156,9.344639778,"High income",124.2888316,1.013641596,1.032758713
"1087","Denmark",2008,-1.30101339,14.83026028,"High income",104.8282236,2.251271963,1.538305998
"1088","Estonia",2008,-4.649056787,14.15126991,"High income",137.5229531,1.161840796,1.09165287
"1089","Finland",2008,-1.727619345,12.11540031,"High income",86.51186561,2.050841331,1.463081241
"1090","France",2008,-1.089920922,10.27361012,"High income",56.52383696,1.582908034,1.304794312
"1091","Germany",2008,-0.409412755,10.11993027,"High income",80.94490464,1.522835732,1.336777806
"1092","Greece",2008,-1.985951293,NA,"High income",59.32971572,0.58529228,0.92821151
"1093","Hungary",2008,0.708800628,10.27056026,"High income",158.2079627,0.707318962,0.965708435
"1094","Italy",2008,-3.756932331,9.205169678,"High income",54.71800767,0.279626578,1.032023787
"1095","Latvia",2008,-1.968260679,14.76309967,"High income",92.00137899,0.558495283,0.780786335
"1096","Lithuania",2008,5.606119877,13.0529604,"High income",125.8494171,0.616990626,0.849656224
"1097","Luxembourg",2008,-9.204735738,NA,"High income",343.5618283,1.625626564,1.545579076
"1098","Malta",2008,NA,13.06068039,"High income",297.2016904,1.279612303,1.249736071
"1099","Netherlands",2008,-2.353747101,11.69202042,"High income",134.6586082,1.696206212,1.483085513
"1100","Poland",2008,6.365064114,11.40635967,"High income",80.75445408,0.473243326,0.953482151
"1101","Portugal",2008,-2.690496386,10.37182999,"High income",71.96332806,1.085485101,1.201863885
"1102","Romania",2008,11.66644499,NA,"Upper middle income",67.11996273,-0.324172407,0.514151156
"1103","Slovak Republic",2008,5.674881287,9.547889709,"High income",162.9209298,0.864835024,0.935453057
"1104","Slovenia",2008,1.811370553,12.54903984,"High income",134.144353,1.187827349,1.01736474
"1105","Spain",2008,-1.901248196,10.93867016,"High income",55.75793411,0.920346916,1.185325623
"1106","Sweden",2008,-1.643365456,12.94225025,"High income",93.35913135,1.956433296,1.520166636
"1107","United Kingdom",2008,-2.866750625,12.95493031,"High income",56.46789408,1.643774986,1.321022868
"1108","Austria",2009,-5.286882461,10.58393002,"High income",86.24780685,1.666579604,1.392845631
"1109","Belgium",2009,-4.457348645,11.84788036,"High income",136.3567579,1.571341515,1.346693039
"1110","Bulgaria",2009,1.008411408,12.65674973,"Upper middle income",92.94110232,0.166158289,0.560484111
"1111","Croatia",2009,-8.662193945,9.227259636,"Upper middle income",72.76179586,0.596849859,0.486277878
"1112","Cyprus",2009,-3.856824116,17.20125008,"High income",102.8018315,1.41832912,1.068028331
"1113","Czech Republic",2009,-6.42240913,9.583930016,"High income",113.4927688,0.883240402,1.033044815
"1114","Denmark",2009,-4.969648811,14.94417,"High income",89.75503196,2.232205391,1.538261056
"1115","Estonia",2009,-15.10491302,13.45903015,"High income",116.6496452,1.009114146,1.085522056
"1116","Finland",2009,-8.674218866,11.84331989,"High income",70.53124085,2.229058743,1.465268016
"1117","France",2009,-4.157457735,10.10988045,"High income",49.56784804,1.480974436,1.244508862
"1118","Germany",2009,-4.040457536,10.25823975,"High income",70.66504625,1.578987122,1.334961534
"1119","Greece",2009,-4.241319463,NA,"High income",47.74384654,0.61948657,0.891443729
"1120","Hungary",2009,-5.969839498,9.864379883,"High income",144.7813901,0.67319572,0.909684956
"1121","Italy",2009,-4.812566285,8.867170334,"High income",45.60911674,0.421652019,1.034180284
"1122","Latvia",2009,-6.367934963,13.02513981,"High income",86.82642154,0.623809874,0.849937856
"1123","Lithuania",2009,-12.72611965,12.77760983,"High income",105.5585821,0.693558395,0.90215981
"1124","Luxembourg",2009,-27.25520636,NA,"High income",295.9728062,1.747320056,1.555081606
"1125","Malta",2009,NA,12.34494019,"High income",296.9748803,1.173995137,1.152721882
"1126","Netherlands",2009,-3.213823602,11.41065025,"High income",118.9804709,1.739726305,1.464388728
"1127","Poland",2009,3.407222304,11.10286999,"High income",75.22591327,0.531756818,1.026880741
"1128","Portugal",2009,-1.222192846,11.07481003,"High income",61.08227734,1.156264782,1.128243089
"1129","Romania",2009,-7.770312501,11.02128983,"Upper middle income",61.1534098,-0.359749705,0.464287341
"1130","Slovak Republic",2009,-7.42757056,9.098380089,"High income",136.701527,0.86897558,0.876250327
"1131","Slovenia",2009,-7.937829178,12.30418015,"High income",112.6165369,1.154733896,1.055124044
"1132","Spain",2009,-3.04460815,10.63551998,"High income",46.4972031,0.945832193,1.176973462
"1133","Sweden",2009,-8.313026867,13.16331005,"High income",83.14330294,2.045358896,1.546039462
"1134","United Kingdom",2009,-4.89376363,12.62506962,"High income",54.44468126,1.512003183,1.303301334
"1135","Austria",2010,1.940414175,10.78913021,"High income",98.2598214,1.841762662,1.430291057
"1136","Belgium",2010,4.797540255,12.01438999,"High income",151.1001765,1.575025916,1.360687137
"1137","Bulgaria",2010,-0.263472372,11.16341972,"Upper middle income",103.2073848,0.114835203,0.531485736
"1138","Croatia",2010,-0.66056627,8.95827961,"Upper middle income",75.89763047,0.622320652,0.47642827
"1139","Cyprus",2010,-3.162216383,15.73480034,"High income",107.6908728,1.531830311,1.02339077
"1140","Czech Republic",2010,0.568222557,9.480409622,"High income",128.9670771,0.905217707,1.014817715
"1141","Denmark",2010,4.175043307,15.10334015,"High income",94.09997979,2.096789598,1.541957259
"1142","Estonia",2010,-0.806988553,13.64278984,"High income",143.8001515,1.085700631,1.105651855
"1143","Finland",2010,2.266629209,11.94548988,"High income",76.08979156,2.2293396,1.486713052
"1144","France",2010,1.532002936,10.06912994,"High income",53.96843903,1.430300951,1.202856779
"1145","Germany",2010,3.761811771,10.39811039,"High income",79.30307822,1.571171761,1.297783494
"1146","Greece",2010,-7.031033558,NA,"High income",52.82909793,0.556039333,0.897718072
"1147","Hungary",2010,0.441346257,9.685520172,"High income",158.3526979,0.666669607,0.894202769
"1148","Italy",2010,0.043244346,8.723950386,"High income",52.34559738,0.44190973,0.962797403
"1149","Latvia",2010,-10.83079545,11.80902958,"High income",108.7889868,0.708809972,0.794243932
"1150","Lithuania",2010,-0.243668506,12.85881996,"High income",132.561782,0.743253648,0.915634632
"1151","Luxembourg",2010,13.79168307,NA,"High income",316.1614002,1.721773505,1.574836135
"1152","Malta",2010,NA,15.70761967,"High income",307.4217744,1.192727447,1.167212725
"1153","Netherlands",2010,1.646759815,11.54292965,"High income",135.5450094,1.729365945,1.450569272
"1154","Poland",2010,3.207962653,11.06464958,"High income",82.10832645,0.640948951,1.03760159
"1155","Portugal",2010,1.309873793,10.4265604,"High income",67.3048494,1.010234594,1.107203126
"1156","Romania",2010,0.53277871,9.129130363,"Upper middle income",70.74457215,-0.265529186,0.432123989
"1157","Slovak Republic",2010,2.798964814,9.766160011,"High income",154.1230598,0.837122381,0.910906971
"1158","Slovenia",2010,-2.028778369,12.0801897,"High income",127.1413302,1.02644074,1.048638225
"1159","Spain",2010,-1.030272154,10.5639801,"High income",52.34357293,0.994798839,1.122543097
"1160","Sweden",2010,5.845175282,13.19909954,"High income",86.90284699,2.004213095,1.542726278
"1161","United Kingdom",2010,2.659319098,13.05327988,"High income",59.03396277,1.568379402,1.289994001
"1162","Austria",2011,1.276561462,10.9884901,"High income",104.3174468,1.617761374,1.402443647
"1163","Belgium",2011,-3.399866753,11.71487999,"High income",162.7536657,1.656355858,1.325163245
"1164","Bulgaria",2011,4.401136266,11.10004997,"Upper middle income",117.7619669,0.110085554,0.450080156
"1165","Croatia",2011,3.532526468,8.515839577,"Upper middle income",81.27321941,0.561252236,0.521082401
"1166","Cyprus",2011,0.67716183,15.58158016,"High income",108.7886636,1.563668251,1.053583145
"1167","Czech Republic",2011,0.412682246,9.92718029,"High income",138.7849783,0.930979669,1.022664309
"1168","Denmark",2011,0.376477612,15.03625965,"High income",101.2457401,2.101078987,1.551707029
"1169","Estonia",2011,10.60492279,13.40620041,"High income",167.3499492,1.076736927,1.133725882
"1170","Finland",2011,0.645204924,11.91888046,"High income",79.16990486,2.241137981,1.507551432
"1171","France",2011,1.160077864,9.863940239,"High income",58.16900437,1.35914433,1.170668364
"1172","Germany",2011,5.523886344,10.7533102,"High income",84.74773595,1.554961085,1.349210739
"1173","Greece",2011,-11.36146507,NA,"High income",57.84462004,0.512197733,0.820455015
"1174","Hungary",2011,1.425333917,9.304320335,"High income",167.3880437,0.674927473,0.836973131
"1175","Italy",2011,-0.723522828,8.392379761,"High income",55.58298756,0.377540648,0.911823928
"1176","Latvia",2011,9.539303686,12.7153101,"High income",120.6112509,0.698138297,0.736775279
"1177","Lithuania",2011,6.695725215,12.33635044,"High income",152.5412486,0.703799188,0.860525906
"1178","Luxembourg",2011,-4.151256017,NA,"High income",323.4496073,1.748484015,1.604539394
"1179","Malta",2011,NA,18.8980999,"High income",318.4735985,1.195340633,1.143347025
"1180","Netherlands",2011,1.817793918,11.76500988,"High income",146.1732166,1.788898706,1.537047744
"1181","Poland",2011,4.650452392,10.98657036,"High income",87.08272276,0.620748818,1.027627707
"1182","Portugal",2011,-1.586316212,10.23923016,"High income",72.86388057,0.947194099,1.107910514
"1183","Romania",2011,1.003365324,8.33493042,"Upper middle income",79.25781618,-0.328980565,0.376137167
"1184","Slovak Republic",2011,-0.509762452,9.70746994,"High income",171.007873,0.832547903,0.96597904
"1185","Slovenia",2011,-0.675765751,12.07168007,"High income",138.9123013,0.98951149,1.056918144
"1186","Spain",2011,-3.507713432,10.62528038,"High income",58.08609285,1.02723515,1.085865974
"1187","Sweden",2011,0.861657351,13.08837032,"High income",88.66152689,1.96506381,1.612955451
"1188","United Kingdom",2011,0.104063976,12.71292019,"High income",62.56001301,1.558900833,1.29741168
"1189","Austria",2012,-0.756307947,10.70236015,"High income",104.4938501,1.57587254,1.448773026
"1190","Belgium",2012,0.881370851,NA,"High income",163.994977,1.602476358,1.349421859
"1191","Bulgaria",2012,1.955454119,10.69091988,"Upper middle income",124.7763246,0.141888097,0.400915593
"1192","Croatia",2012,-2.332775879,NA,"Upper middle income",82.67557876,0.706691682,0.540830553
"1193","Cyprus",2012,-7.839508738,NA,"High income",108.369549,1.391171932,1.022023559
"1194","Czech Republic",2012,0.634263272,9.556850433,"High income",147.5374589,0.928921938,0.97037971
"1195","Denmark",2012,0.661763977,12.4887104,"High income",103.2409992,1.984567404,1.674114227
"1196","Estonia",2012,5.154998744,11.99120045,"High income",170.4283343,0.954537988,1.111924648
"1197","Finland",2012,-2.882132688,12.79728985,"High income",80.40571992,2.220477581,1.60069716
"1198","France",2012,-1.73390027,9.609780312,"High income",59.20038487,1.340279341,1.238105774
"1199","Germany",2012,-0.033258792,11.13729954,"High income",85.87475437,1.593369126,1.393738031
"1200","Greece",2012,-5.173127215,NA,"High income",61.81776664,0.319800168,0.700790524
"1201","Hungary",2012,-2.268924729,NA,"High income",166.1258562,0.628841758,0.749367654
"1202","Italy",2012,-3.887199761,NA,"High income",56.18487973,0.42067042,0.916809261
"1203","Latvia",2012,2.09673018,17.73654938,"High income",127.0657989,0.838448524,0.775515556
"1204","Lithuania",2012,5.601451335,13.53596973,"High income",162.3871819,0.833409011,0.92950964
"1205","Luxembourg",2012,-3.263436601,9.282190323,"High income",341.8620222,1.672071934,1.649900675
"1206","Malta",2012,NA,15.24164963,"High income",326.0695218,1.247961402,1.165387988
"1207","Netherlands",2012,-1.786758437,11.62662029,"High income",154.2708521,1.813399553,1.605585456
"1208","Poland",2012,1.075921957,11.23258018,"High income",89.32746214,0.675630391,1.064275742
"1209","Portugal",2012,-4.176872011,10.19303036,"High income",75.92896147,1.035027623,1.028528333
"1210","Romania",2012,0.724927278,8.435790062,"Upper middle income",79.90166742,-0.311950058,0.318529606
"1211","Slovak Republic",2012,2.425755294,9.621310234,"High income",179.1938788,0.83637917,0.973016918
"1212","Slovenia",2012,-5.192009277,12.63183975,"High income",142.0312514,1.031650066,0.999778092
"1213","Spain",2012,-2.390309903,9.215359688,"High income",59.9311416,1.120682478,1.064178824
"1214","Sweden",2012,-1.045997577,15.11672974,"High income",87.71501845,1.957009554,1.690358043
"1215","United Kingdom",2012,-0.665574895,NA,"High income",61.44425819,1.547542214,1.339132667
"1216","Austria",2013,-0.78147579,10.87255001,"High income",103.3635927,1.588477135,1.456567407
"1217","Belgium",2013,-0.970510207,11.90734005,"High income",162.2186431,1.607339144,1.373045683
"1218","Bulgaria",2013,0.973440879,11.43980026,"Upper middle income",129.7148424,0.157344475,0.337270766
"1219","Croatia",2013,0.919293348,9.494589806,"Upper middle income",85.59630436,0.701186359,0.513741314
"1220","Cyprus",2013,-9.356041034,15.46599007,"High income",115.4731126,1.366624117,0.980822682
"1221","Czech Republic",2013,-0.088397216,9.60243988,"High income",147.9781744,0.891820014,0.984533489
"1222","Denmark",2013,2.469288049,15.21743965,"High income",103.0501478,1.992455125,1.666270614
"1223","Estonia",2013,4.552098788,12.58434963,"High income",165.7945013,0.974775255,1.116848588
"1224","Finland",2013,-1.033279806,12.44550991,"High income",78.51360788,2.174288273,1.573705554
"1225","France",2013,0.438970528,9.661879539,"High income",59.09880412,1.48182869,1.219246626
"1226","Germany",2013,0.321465059,11.04308033,"High income",84.83642578,1.542519927,1.406184077
"1227","Greece",2013,-2.488477493,NA,"High income",63.51914245,0.459202468,0.687237501
"1228","Hungary",2013,5.745130406,8.55436039,"High income",164.3435331,0.654968202,0.737192869
"1229","Italy",2013,-2.467193328,8.159540176,"High income",55.46658975,0.458483517,0.954217374
"1230","Latvia",2013,5.734087707,18.74402046,"High income",123.9136552,0.889026761,0.770423412
"1231","Lithuania",2013,4.600183325,13.28802013,"High income",166.6716157,0.831737101,0.940019667
"1232","Luxembourg",2013,0.999988815,NA,"High income",349.2419391,1.629902482,1.631096363
"1233","Malta",2013,NA,18.76935005,"High income",307.826554,1.257873297,1.156572461
"1234","Netherlands",2013,-1.156896218,12.08611012,"High income",153.324407,1.78395927,1.566972613
"1235","Poland",2013,1.639460114,11.59992981,"High income",90.69186641,0.722514808,0.998138905
"1236","Portugal",2013,2.241075306,10.56847954,"High income",78.02734429,1.230732441,1.066934705
"1237","Romania",2013,4.458407258,NA,"Upper middle income",80.27217565,-0.074424632,0.311523467
"1238","Slovak Republic",2013,1.351613133,9.861310005,"High income",183.4054644,0.789134204,0.959550261
"1239","Slovenia",2013,-0.618241677,9.99503994,"High income",143.4748675,1.013162732,1.00189662
"1240","Spain",2013,-1.359873776,9.497389793,"High income",61.17961222,1.154522538,0.988870561
"1241","Sweden",2013,0.199686297,15.02398014,"High income",83.0936768,1.909026146,1.658110142
"1242","United Kingdom",2013,1.413558033,12.92362976,"High income",61.35006396,1.495450616,1.32903707
"1243","Austria",2014,-0.314380043,10.41331005,"High income",101.9164805,1.572585702,1.391321301
"1244","Belgium",2014,0.239171396,11.95835018,"High income",164.6154446,1.381594181,1.366339207
"1245","Bulgaria",2014,3.020832226,NA,"Upper middle income",130.9679086,0.0787379,0.366463035
"1246","Croatia",2014,0.439112566,NA,"Upper middle income",90.84906741,0.692963302,0.514940262
"1247","Cyprus",2014,0.37576719,15.5337801,"High income",122.0641944,1.140383601,1.019970298
"1248","Czech Republic",2014,NA,9.457799911,"High income",158.7269567,1.017592907,1.026667476
"1249","Denmark",2014,3.233715645,13.82808018,"High income",102.2639205,1.819007277,1.524577379
"1250","Estonia",2014,3.586191329,14.25662994,"High income",162.3141509,1.016679525,1.17031002
"1251","Finland",2014,0.117960281,12.31828022,"High income",75.37449994,1.998275638,1.541917205
"1252","France",2014,0.758167566,9.662500381,"High income",59.79188949,1.403170347,1.218159556
"1253","Germany",2014,1.755966325,11.13364029,"High income",84.48567249,1.731391549,1.436330318
"1254","Greece",2014,3.415629924,NA,"High income",67.14945369,0.398586392,0.618757248
"1255","Hungary",2014,3.437370568,9.505680084,"High income",168.9238304,0.533443689,0.553266287
"1256","Italy",2014,0.003067012,8.006690025,"High income",55.75976898,0.374144018,0.999262631
"1257","Latvia",2014,2.567935537,13.97237015,"High income",122.598312,0.958550274,0.849434912
"1258","Lithuania",2014,6.948240386,13.19013977,"High income",160.0340168,0.982653379,0.961591065
"1259","Luxembourg",2014,0.805634807,9.566049576,"High income",382.2914619,1.65443325,1.554682136
"1260","Malta",2014,NA,17.52272987,"High income",285.7055911,1.028361678,1.18426621
"1261","Netherlands",2014,-1.028202157,11.97542953,"High income",154.2884852,1.817106485,1.547281384
"1262","Poland",2014,3.826318194,11.62555981,"High income",93.73293739,0.827383578,1.105112672
"1263","Portugal",2014,1.586462772,9.896730423,"High income",79.95975596,0.988590837,1.107445598
"1264","Romania",2014,6.965687178,9.235719681,"Upper middle income",82.82346789,-0.025993757,0.428126812
"1265","Slovak Republic",2014,1.765502633,10.08753014,"High income",180.2788185,0.876235783,0.959586143
"1266","Slovenia",2014,4.933584902,11.27431965,"High income",144.227959,1.005159855,0.956106901
"1267","Spain",2014,1.743843262,9.540049553,"High income",62.99647338,1.1597054,0.993725598
"1268","Sweden",2014,1.795162388,15.20368004,"High income",85.75065281,1.803889275,1.61108911
"1269","United Kingdom",2014,2.320429958,13.66403008,"High income",58.4999853,1.626729727,1.275789618
"1270","Austria",2015,-0.442652129,NA,"High income",100.7495301,1.479387999,1.383440137
"1271","Belgium",2015,0.507800418,NA,"High income",160.1728361,1.438697577,1.387346864
"1272","Bulgaria",2015,4.419805791,NA,"Upper middle income",128.0666373,0.208816484,0.432537317
"1273","Croatia",2015,4.221689715,NA,"Upper middle income",95.05115741,0.51401335,0.55546391
"1274","Cyprus",2015,4.974645289,NA,"High income",128.9437493,1.048837423,1.031512141
"1275","Czech Republic",2015,NA,NA,"High income",156.0998637,1.046726942,1.042688489
"1276","Denmark",2015,1.185131095,NA,"High income",104.0589352,1.848226786,1.552722931
"1277","Estonia",2015,2.273539447,NA,"High income",153.2102328,1.06819737,1.186782837
"1278","Finland",2015,1.718182161,NA,"High income",73.43795478,1.813305736,1.543483734
"1279","France",2015,1.904623525,NA,"High income",60.85205695,1.437052965,1.206558228
"1280","Germany",2015,1.915703787,NA,"High income",85.75578664,1.73711729,1.421901703
"1281","Greece",2015,0.662476511,NA,"High income",63.39361648,0.256199121,0.651494741
"1282","Hungary",2015,3.549450273,NA,"High income",171.5658702,0.49741441,0.559930801
"1283","Italy",2015,1.2772952,NA,"High income",56.94695859,0.448110193,1.034700036
"1284","Latvia",2015,4.936620542,NA,"High income",121.154566,1.089666128,0.846473753
"1285","Lithuania",2015,2.093637105,NA,"High income",152.5449842,1.185165882,0.973841727
"1286","Luxembourg",2015,3.001511046,NA,"High income",410.1716371,1.724363685,1.546707153
"1287","Malta",2015,NA,NA,"High income",279.4896034,0.85062629,1.202726364
"1288","Netherlands",2015,2.917076445,NA,"High income",156.2967385,1.832803488,1.561038971
"1289","Poland",2015,5.088793488,NA,"High income",95.94735333,0.798975646,1.039663672
"1290","Portugal",2015,2.579243474,NA,"High income",80.22295662,1.220576167,1.128600121
"1291","Romania",2015,5.615804023,NA,"Upper middle income",82.64930538,-0.056023832,0.486097127
"1292","Slovak Republic",2015,3.42405817,10.23295021,"High income",184.3277409,0.83792001,0.965366244
"1293","Slovenia",2015,0.515376039,NA,"High income",145.396637,0.972628713,0.98675704
"1294","Spain",2015,4.994143817,NA,"High income",63.61039557,1.174265742,1.044758558
"1295","Sweden",2015,3.306502053,NA,"High income",86.24080326,1.816197515,1.565205693
"1296","United Kingdom",2015,1.968524629,13.81925011,"High income",56.47647078,1.744032383,1.297748923
"1297","Austria",2016,1.572965176,NA,"High income",99.66009044,1.513507843,1.290308952
"1298","Belgium",2016,1.851080916,NA,"High income",164.4004799,1.326384664,1.353313804
"1299","Bulgaria",2016,9.167103436,NA,"Upper middle income",123.6439219,0.28976211,0.436057955
"1300","Croatia",2016,0.044200315,NA,"Upper middle income",96.28075711,0.485255539,0.517940164
"1301","Cyprus",2016,NA,NA,"High income",131.3897089,0.978731871,1.079315066
"1302","Czech Republic",2016,NA,NA,"High income",151.5987673,1.058007121,1.047019958
"1303","Denmark",2016,-0.315765127,NA,"High income",100.9741225,1.887565374,1.474219203
"1304","Estonia",2016,3.274136248,NA,"High income",154.1028497,1.115696788,1.201568604
"1305","Finland",2016,2.343390276,NA,"High income",71.69399161,1.848472953,1.485528231
"1306","France",2016,0.764334885,NA,"High income",60.46915527,1.406624436,1.076472402
"1307","Germany",2016,1.373971127,NA,"High income",84.26726674,1.744619012,1.326172948
"1308","Greece",2016,-0.772675731,NA,"High income",61.63986902,0.21118468,0.653341532
"1309","Hungary",2016,3.617257266,NA,"High income",168.992646,0.452733815,0.370236337
"1310","Italy",2016,3.018925124,NA,"High income",56.24700242,0.521717191,1.036296248
"1311","Latvia",2016,6.078189523,NA,"High income",119.1822596,0.997735083,0.87098676
"1312","Lithuania",2016,5.600699368,NA,"High income",147.7280786,1.086321831,0.986398399
"1313","Luxembourg",2016,2.167936028,NA,"High income",407.4311038,1.692127109,1.436766744
"1314","Malta",2016,NA,NA,"High income",268.189186,0.947682858,1.199579
"1315","Netherlands",2016,1.168687594,NA,"High income",153.888828,1.841307998,1.479653955
"1316","Poland",2016,2.801745459,NA,"High income",100.4723892,0.691426218,0.836127877
"1317","Portugal",2016,3.079876403,NA,"High income",78.94479453,1.220306873,1.172996998
"1318","Romania",2016,4.673105058,NA,"Upper middle income",83.71064998,-0.170930699,0.514984608
"1319","Slovak Republic",2016,2.72817542,NA,"High income",185.7471094,0.890099287,0.942393124
"1320","Slovenia",2016,4.152041355,NA,"High income",146.1522195,1.119422674,0.997336984
"1321","Spain",2016,2.926815237,NA,"High income",62.87600959,1.116256237,1.05828774
"1322","Sweden",2016,2.441080925,NA,"High income",83.70762182,1.787077904,1.503111482
"1323","United Kingdom",2016,1.931183231,NA,"High income",58.02582701,1.610874891,1.23711884
"1324","Austria",2017,NA,NA,NA,NA,NA,NA
"1325","Belgium",2017,NA,NA,NA,NA,NA,NA
"1326","Bulgaria",2017,NA,NA,NA,NA,NA,NA
"1327","Croatia",2017,NA,NA,NA,NA,NA,NA
"1328","Cyprus",2017,NA,NA,NA,NA,NA,NA
"1329","Czech Republic",2017,NA,NA,NA,NA,NA,NA
"1330","Denmark",2017,NA,NA,NA,NA,NA,NA
"1331","Estonia",2017,NA,NA,NA,NA,NA,NA
"1332","Finland",2017,NA,NA,NA,NA,NA,NA
"1333","France",2017,NA,NA,NA,NA,NA,NA
"1334","Germany",2017,NA,NA,NA,NA,NA,NA
"1335","Greece",2017,NA,NA,NA,NA,NA,NA
"1336","Hungary",2017,NA,NA,NA,NA,NA,NA
"1337","Italy",2017,NA,NA,NA,NA,NA,NA
"1338","Latvia",2017,NA,NA,NA,NA,NA,NA
"1339","Lithuania",2017,NA,NA,NA,NA,NA,NA
"1340","Luxembourg",2017,NA,NA,NA,NA,NA,NA
"1341","Malta",2017,NA,NA,NA,NA,NA,NA
"1342","Netherlands",2017,NA,NA,NA,NA,NA,NA
"1343","Poland",2017,NA,NA,NA,NA,NA,NA
"1344","Portugal",2017,NA,NA,NA,NA,NA,NA
"1345","Romania",2017,NA,NA,NA,NA,NA,NA
"1346","Slovak Republic",2017,NA,NA,NA,NA,NA,NA
"1347","Slovenia",2017,NA,NA,NA,NA,NA,NA
"1348","Spain",2017,NA,NA,NA,NA,NA,NA
"1349","Sweden",2017,NA,NA,NA,NA,NA,NA
"1350","United Kingdom",2017,NA,NA,NA,NA,NA,NA
